id,SimpleDescription,HousePrice,UnitPrice,HouseType,HouseDirection,HouseArea,HouseFloor,HouseAge,CommunityName,FollowersCnt,WatchersCnt,HouseTransType,HouseTransAge
101102874856,小区中间位置，满五年商品房在京唯一房产,385,51873元/平米,2室1厅,南 北,74.22平米,高楼层/共6层,1995年建/板楼,华龙苑南里,55,51,商品房,满五年
101102828901,华龙苑南里一层南北通透两居室，主卧客厅双阳台,377,51126元/平米,2室1厅,南 北,73.74平米,底层/共6层,1995年建/板楼,华龙苑南里,74,46,商品房,满五年
101102882210,婚房装修，中间楼层，有地铁8号线和13号线,385,53592元/平米,2室1厅,南,71.84平米,中楼层/共5层,1998年建/板楼,蓝天园,31,5,商品房,满两年
101102879591,华龙苑南里三居室+三层+霍营地铁8、13号线,465,44678元/平米,3室1厅,东 南 北,104.08平米,中楼层/共6层,1999年建/板楼,华龙苑南里,17,13,商品房,满五年
101102874184,南北通透  客厅卧室各带个阳台  商品房满五年,320,63619元/平米,1室1厅,南 北,50.3平米,中楼层/共6层,1997年建/板楼,华龙苑南里,20,39,商品房,满五年
101102834030,华龙苑南里 2室1厅 375万,375,51753元/平米,2室1厅,南 北,72.46平米,顶层/共6层,1995年建/板楼,华龙苑南里,83,25,商品房,满五年
101102733019,华龙苑南里三居室+三层+霍营地铁8、13号线交汇,465,45353元/平米,3室1厅,南 北,102.53平米,中楼层/共6层,2000年建/板楼,华龙苑南里,68,11,商品房,满五年
101102311295,南北通透两居室  中间位置    采光好,335,58907元/平米,2室1厅,南 北,56.87平米,高楼层/共6层,1992年建/板楼,华龙苑中里,143,32,私产,满五年
101102703219,南里复式三居室，前后有小院。距离地铁670米。,490,41735元/平米,3室1厅,南 北,117.41平米,底层/共6层,1997年建/板楼,华龙苑南里,101,32,商品房,满五年
101102473932,南北通透两居室，满五年，距离回龙观东大街775米,318,56423元/平米,2室1厅,南 北,56.36平米,顶层/共6层,1993年建/板楼,华龙苑中里,247,33,已购公房,满五年
101102832514,公房满五年，没有抵押，诚心出售，随时可以签约，,360,47969元/平米,2室1厅,东北,75.05平米,顶层/共6层,1995年建/板楼,华龙苑南里,38,14,已购公房,满五年
101102760404,商品房满五年唯一，精装修，全明格局，随时签约,400,48894元/平米,2室2厅,南 北,81.81平米,顶层/共5层,1998年建/板楼,蓝天园,35,21,商品房,满五年
101102636705,商品房  房本满五年  家庭名下一套  南北通透,310,61631元/平米,2室1厅,南 北,50.3平米,底层/共6层,1997年建/板楼,华龙苑南里,82,8,商品房,满五年
101102863552,南向正规两居室  霍营地铁双轨交汇  诚心出售,340,55977元/平米,2室1厅,南,60.74平米,底层/共6层,1995年建/板楼,华龙苑南里,74,18,商品房,满两年
101102833550,中间楼层  精装修  南北两居 交通便利,348,54752元/平米,2室1厅,南 北,63.56平米,中楼层/共6层,1998年建/板楼,蓝天园,48,42,商品房,满两年
101102885452,华龙苑中里，低楼层正规一居室，距离霍营地铁站939米已下架,288,66698元/平米,1室1厅,南,43.18平米,低楼层/共6层,1990年建/板楼,华龙苑中里,17,14,商品房,满两年
101102807242,华龙苑中里中间层正规两居室，距离霍营地铁站939米,288,54279元/平米,2室1厅,东 北,53.06平米,中楼层/共6层,1992年建/板楼,华龙苑中里,125,33,商品房,未满两年
101102703549,双卫大三居 可做四居使用 中间楼层 精装修,600,38396元/平米,3室2厅,南 北,156.27平米,中楼层/共6层,2003年建/板楼,华龙苑中里,35,3,已购公房,满五年
101102840562,华龙苑中里 2室1厅 350万,350,62400元/平米,2室1厅,南 北,56.09平米,底层/共5层,1992年建/板楼,华龙苑中里,32,6,商品房,满两年
101102878906,蓝天园 2室1厅 400万,400,54201元/平米,2室1厅,南 北,73.8平米,顶层/共6层,1998年建/板楼,蓝天园,16,1,商品房,满两年
101102725038,小区中间位置，正规小两居，总价低，距离地铁1100米,290,54656元/平米,2室1厅,东 北,53.06平米,顶层/共6层,1993年建/板楼,华龙苑中里,91,14,商品房,满两年
101102781412,华龙苑中里，精装修南向一居室，距离霍营地铁站939米,288,66698元/平米,1室1厅,南,43.18平米,顶层/共5层,1992年建/板楼,华龙苑中里,124,21,商品房,满两年
101102597389,商品房 一层带院 业主自住 不临街不把边 看房方便,390,52188元/平米,2室1厅,南 北,74.73平米,底层/共6层,1995年建/板楼,华龙苑南里,76,5,商品房,满两年
101102567452,商满五唯一，精装修，小区中间位置，到地铁578米,300,56339元/平米,1室1厅,南,53.25平米,顶层/共6层,1995年建/板楼,华龙苑南里,372,0,商品房,满五年
101102588049,华龙苑南里精装修南北通透一居室！户型好，,320,56900元/平米,1室1厅,南 北,56.24平米,高楼层/共6层,1997年建/板楼,华龙苑南里,77,1,商品房,满两年
101102884402,华龙苑南里 2室1厅 338万,338,60100元/平米,2室1厅,南 北,56.24平米,底层/共6层,1997年建/板楼,华龙苑南里,14,2,商品房,满两年
101102890395,华龙苑中里 2室1厅 355万,355,62988元/平米,2室1厅,南 北,56.36平米,低楼层/共6层,1993年建/板楼,华龙苑中里,12,3,商品房,满五年
101102897682,成本价已购公房  霍营地铁双规交汇 诚心出售,380,51498元/平米,2室1厅,南 北,73.79平米,顶层/共6层,1995年建/板楼,华龙苑南里,24,1,已购公房,满五年
101102833049,华龙苑中里 2室1厅 380万,380,53103元/平米,2室1厅,南 北,71.56平米,高楼层/共6层,1992年建/板楼,华龙苑中里,3,3,商品房,满两年
101102872038,,,,,,,,,,,,,
101102356895,中间楼层，紧凑小三居，公摊小，使用面积大,380,54890元/平米,3室1厅,南 北,69.23平米,中楼层/共6层,1995年建/板楼,霍营小区,95,4,私产,满五年
101102802337,紫金新干线，商品电梯房，双卧朝南户型，南北全明格局已下架,460,51931元/平米,2室1厅,南 北,88.58平米,低楼层/共9层,2009年建/板楼,紫金新干线,124,172,商品房,满五年
101102883161,龙锦苑东五区 经典3居2卫户型 中间楼层 看房随时,490,39270元/平米,3室2厅,南 北,124.78平米,中楼层/共6层,2007年建/板楼,龙锦苑东五区,15,34,一类经济适用房,满五年
101102870200,中间楼层 自住精装 南北通透两居看房方便,430,42269元/平米,2室1厅,南 北,101.73平米,中楼层/共6层,2009年建/板楼,龙锦苑东四区,13,53,一类经济适用房,满五年
101102872920,中间楼层，全南两居室，自住精装，诚心出售已下架,460,56064元/平米,2室1厅,南,82.05平米,中楼层/共9层,2009年建/板楼,紫金新干线,33,52,商品房,未满两年
101101778621,华龙苑北里  电梯复式  五居室,655,36333元/平米,5室2厅,东 南,180.28平米,顶层/共6层,2005年建/塔楼,华龙苑北里,261,15,私产,满五年
101102818623,商品房满五年，自住精装修，阳光充足不遮挡，适合刚需,439,44578元/平米,2室1厅,南 北,98.48平米,高楼层/共6层,2007年建/板楼,龙锦苑东一区,19,29,商品房,满五年
101102095547,回龙观 新小区 大两居 中间层 生活方便,405,41105元/平米,2室1厅,南 北,98.53平米,高楼层/共6层,2007年建/板楼,龙锦苑东一区,67,14,一类经济适用房,满五年
101102221967,楼前无遮挡，不临街不把边，看房方便,465,39096元/平米,3室1厅,南 北,118.94平米,中楼层/共6层,2007年建/板楼,龙锦苑东一区,122,43,一类经济适用房,满五年
101102339662,商品房，东南向大两居，装修完没住过，看房随时,450,56462元/平米,2室1厅,东南,79.7平米,低楼层/共28层,2010年建/板塔结合,龙旗广场,61,76,商品房,满五年
101102327161,单价3.85万 不临街4层三居室 南北通透,388,31190元/平米,3室2厅,南 北,124.4平米,中楼层/共6层,2007年建/板楼,龙锦苑东二区,142,26,一类经济适用房,满五年
101102750923,09年小区 商品房 南北通透大三居,465,37383元/平米,3室1厅,南 北,124.39平米,顶层/共6层,2000年建/板楼,龙锦苑东三区,36,16,商品房,满两年
101102647856,满五年商品房 三居两卫 步行到回龙观东大街站447米,451,38574元/平米,3室1厅,南 北,116.92平米,高楼层/共6层,2001年建/板楼,华龙苑中里,75,30,商品房,满五年
101102864785,龙锦苑东五区 3室2厅 129.22平米已下架,495,38307元/平米,3室2厅,南 北,129.22平米,底层/共6层,2007年建/板楼,龙锦苑东五区,7,13,一类经济适用房,满五年
101102844584,霍营低楼层三居室 业主诚心卖 精装修 户型方正,446,45674元/平米,3室1厅,南 北,97.65平米,低楼层/共6层,2001年建/板楼,天鑫家园,31,9,商品房,满两年
101102831667,龙锦苑东一区  商品房满五年  业主诚心出售,470,37888元/平米,3室2厅,南 北,124.05平米,高楼层/共6层,2007年建/板楼,龙锦苑东一区,24,17,商品房,满五年
101102840802,,,,,,,,,,,,,
101102850858,3居室2个卫生间，适合一家人，业主诚心出售,460,36724元/平米,3室2厅,南 北,125.26平米,高楼层/共6层,2007年建/板楼,龙锦苑东五区,18,21,一类经济适用房,满五年
101102616215,回龙观 精装三居 3.1米挑高 全明格局  满五唯一商品房,470,37552元/平米,3室2厅,南 北,125.16平米,顶层/共6层,2007年建/板楼,龙锦苑东五区,118,14,商品房,满五年
101100814055,南北通透大两居，小区人文素质高，环境适宜,410,40454元/平米,2室1厅,南 北,101.35平米,顶层/共6层,2008年建/板楼,龙锦苑东二区,319,15,一类经济适用房,满五年
101102515751,商品房 满二年 38万精装修 非顶层 产权清晰 无抵押,488,39305元/平米,3室2厅,南 北,124.16平米,高楼层/共6层,2007年建/板楼,龙锦苑东一区,56,25,商品房,满两年
101102790950,旺龙花园满五年正规一居改两居，全明格局,310,59071元/平米,1室1厅,东北,52.48平米,中楼层/共6层,2004年建/板楼,旺龙花园,84,41,商品房,满两年
101102719931,龙旗广场 南北通透两居室 看房方便 带有电梯,420,55874元/平米,2室1厅,南 北,75.17平米,中楼层/共11层,2010年建/板塔结合,龙旗广场,59,57,限价商品房,满五年
101102542610,回龙观 霍营 龙锦苑东五区 中间层大三居 商品房！,499,40017元/平米,3室2厅,南 北,124.7平米,中楼层/共5层,2007年建/板楼,龙锦苑东五区,116,39,商品房,满两年
101102719466,商品房 满二年 原值高，2015年精装修，看房方便,485,38838元/平米,3室1厅,南 北,124.88平米,高楼层/共6层,2008年建/板楼,龙锦苑东二区,55,25,商品房,满两年
101102292099,满五年家庭只有一套住房南北通透三居 小区中间位置,450,37908元/平米,3室1厅,南 北,118.71平米,中楼层/共6层,2007年建/板楼,龙锦苑东一区,173,3,一类经济适用房,满五年
101101084594,商品房满五年一套房带电梯集中供暖精装修看房方便随签,550,46041元/平米,3室2厅,南 西 北,119.46平米,中楼层/共10层,2005年建/板楼,华龙苑北里,198,6,商品房,满五年
101102683017,力荐龙旗广场东南一居室满五年唯一2010年建成,336,55146元/平米,1室1厅,东南,60.93平米,高楼层/共28层,2010年建/板塔结合,龙旗广场,50,18,限价商品房,满五年
101102782139,回龙观 2009年的房子 南北通透 中间楼层,415,40787元/平米,3室1厅,南 北,101.75平米,中楼层/共6层,2009年建/板楼,龙锦苑东四区,24,24,一类经济适用房,满五年
101102642882,天鑫家园小区是商品房社区房子满五年,305,59018元/平米,1室1厅,北,51.68平米,底层/共6层,2003年建/板楼,天鑫家园,50,57,商品房,满五年
101102323368,龙锦苑东三区距回龙观东大街地铁站500米，南北通透,370,36971元/平米,2室1厅,南 北,100.08平米,顶层/共6层,2000年建/板楼,龙锦苑东三区,258,22,一类经济适用房,满五年
101102179691,楼前无遮挡   采光好    看房方便,450,36197元/平米,3室2厅,南 北,124.32平米,顶层/共6层,2007年建/板楼,龙锦苑东一区,62,2,一类经济适用房,满五年
101101472367,龙锦苑东三区 两室一厅 户型方正 诚心出售,410,40968元/平米,2室1厅,南 北,100.08平米,顶层/共6层,2000年建/板楼,龙锦苑东三区,48,3,一类经济适用房,满五年
101102814325,经济适用房满五年家庭一套房子一层三居室南北通透,490,39510元/平米,3室2厅,南 北,124.02平米,底层/共6层,2007年建/板楼,龙锦苑东一区,13,4,一类经济适用房,满五年
101102764347,龙旗广场 电梯两居室 看房方便又钥匙,420,52415元/平米,2室1厅,西南,80.13平米,中楼层/共28层,2010年建/板塔结合,龙旗广场,15,22,限价商品房,满五年
101102623368,龙锦苑东三区  不临街 南北通透 两居室,400,40462元/平米,2室1厅,南 北,98.86平米,中楼层/共6层,2000年建/板楼,龙锦苑东三区,120,12,一类经济适用房,满五年
101102814970,龙锦苑东三区，中间层大三居，已转商。,485,38991元/平米,3室1厅,南 北,124.39平米,高楼层/共6层,2009年建/板楼,龙锦苑东三区,33,13,商品房,满两年
101102823715,龙锦苑东一区 3室2厅 485万,485,39063元/平米,3室2厅,南 北,124.16平米,中楼层/共6层,2007年建/板楼,龙锦苑东一区,15,9,商品房,满两年
101101492027,挑高3.1米的大三居  户型方正 明卫,478,36886元/平米,3室2厅,南 北,129.59平米,顶层/共6层,2009年建/板楼,龙锦苑东四区,93,0,一类经济适用房,满五年
101102800672,南向开间  自住精装修  家庭名下唯一住宅，满五年,320,68685元/平米,1室0厅,南,46.59平米,底层/共10层,2009年建/板楼,紫金新干线,13,26,商品房,满五年
101102788141,电梯房中层南向精装修开间 满五年 首套购房只有1%契税,320,68304元/平米,1室0厅,南,46.85平米,低楼层/共9层,2009年建/板楼,紫金新干线,16,18,商品房,满五年
101102336940,小区中间位置 装修不错 满五年,449,36164元/平米,3室1厅,南 北,124.16平米,顶层/共6层,2007年建/板楼,龙锦苑东一区,33,4,一类经济适用房,满五年
101102711509,回龙观，低总价，2009年新小区，满五年。,408,40130元/平米,2室1厅,南 北,101.67平米,高楼层/共6层,2009年建/板楼,龙锦苑东四区,24,2,一类经济适用房,满五年
101102894060,南北通透三居室，小区中间位置，安静舒适,646,48105元/平米,3室2厅,南 北,134.29平米,底层/共10层,2009年建/板楼,紫金新干线,15,1,商品房,满两年
101101624686,新装修的二改三，送新买的家具家电，板楼带电梯,550,51537元/平米,2室1厅,南 北,106.72平米,顶层/共9层,2009年建/板楼,紫金新干线,79,33,商品房,未满两年
101102119804,3.2米挑高 不临街不把边 南北通透两居室,410,41469元/平米,2室2厅,南 北,98.87平米,顶层/共6层,2007年建/板楼,龙锦苑东一区,34,1,一类经济适用房,满五年
101102324113,一层三居室 有钥匙 集中供暖 商品房小区 集中供暖,450,33341元/平米,3室2厅,南 北,134.97平米,底层/共6层,2005年建/板楼,华龙苑北里,131,3,商品房,满五年
101102674859,商品房低楼层♥南北通透三居两卫♥小区中间位置,475,38221元/平米,3室2厅,南 北,124.28平米,底层/共6层,2007年建/板楼,龙锦苑东五区,60,28,商品房,未满两年
101102813877,8.15满五年，唯一住宅，自住精装,320,69505元/平米,1室0厅,南,46.04平米,中楼层/共10层,2009年建/板楼,紫金新干线,22,18,商品房,满两年
101101747044,商品房南北通透三居室环保装修温馨居家卫生间有窗户,499,40155元/平米,3室2厅,南 北,124.27平米,高楼层/共6层,2007年建/板楼,龙锦苑东一区,51,0,商品房,满五年
101102760696,龙锦苑东一区 3室1厅 499万,499,40191元/平米,3室1厅,南 北,124.16平米,中楼层/共6层,2007年建/板楼,龙锦苑东一区,10,4,商品房,满五年
101102448390,一梯两户*，业主诚意出售，看房方便,430,34566元/平米,3室1厅,南 北,124.4平米,顶层/共6层,2007年建/板楼,龙锦苑东二区,17,4,一类经济适用房,满五年
101102569817,商品房 小区中间不临街不把边 二层有装修,485,39107元/平米,3室2厅,南 北,124.02平米,低楼层/共6层,2007年建/板楼,龙锦苑东一区,20,21,商品房,满两年
101101487662,中间楼层三居室 南北通透采光好 诚心出售,450,36096元/平米,3室2厅,南 北,124.67平米,高楼层/共6层,2009年建/板楼,龙锦苑东四区,72,7,一类经济适用房,满五年
101102659756,龙锦苑东一区  自住三居室 诚心出售,445,35841元/平米,3室2厅,南 北,124.16平米,高楼层/共6层,2007年建/板楼,龙锦苑东一区,31,0,一类经济适用房,满五年
101102738530,华龙苑中里 1室0厅 40.52平米已下架,278,68609元/平米,1室0厅,北,40.52平米,中楼层/共6层,2001年建/板楼,华龙苑中里,30,9,商品房,满五年
101102687841,15年高品质新商品房小区 高层两居 采光充足视野开阔,430,50840元/平米,2室1厅,南,84.58平米,顶层/共8层,2013年建/板楼,紫金新干线二期,48,39,商品房,未满两年
101102683672,旺龙花园 3室2厅 480万,480,40158元/平米,3室2厅,东 西 北,119.53平米,中楼层/共6层,2004年建/板楼,旺龙花园,8,0,私产,满五年
101102733691,地暖 全明格局 2层 小区中间 装修好 诚心出售,525,40472元/平米,3室2厅,南 北,129.72平米,低楼层/共6层,2007年建/板楼,龙锦苑东五区,10,1,一类经济适用房,满五年
101102548711,商品房2015年社区，产权清晰，无户口,295,62873元/平米,1室0厅,南,46.92平米,底层/共10层,2013年建/板楼,紫金新干线二期,105,28,商品房,未满两年
101102831919,电梯房两居室 户型方正 高楼层采光好 看房方便 诚心卖,405,50822元/平米,2室1厅,西南,79.69平米,中楼层/共28层,2010年建/板塔结合,龙旗广场,23,2,限价商品房,满五年
101102823676,2018年5月24日商品房满五年不临街三居室南北通透,496,39994元/平米,3室1厅,南 北,124.02平米,高楼层/共6层,2007年建/板楼,龙锦苑东一区,12,0,商品房,满五年
101102394987,低楼层 一居室 户型好 总价低,315,59943元/平米,1室1厅,南,52.55平米,低楼层/共6层,2003年建/板楼,天鑫家园,120,9,商品房,满两年
101102795658,龙锦苑东二区 2室1厅 443万,443,43663元/平米,2室1厅,南 北,101.46平米,低楼层/共6层,2008年建/板楼,龙锦苑东二区,11,7,一类经济适用房,满五年
101102871569,紫金新干线，板楼商品房，南北通透三居室，原值355万,650,48920元/平米,3室1厅,南 北,132.87平米,底层/共10层,2009年建/板楼,紫金新干线,18,6,商品房,未满两年
101102512217,一梯三户，南向两居，新小区带电梯   采光好,425,51616元/平米,2室1厅,南,82.34平米,底层/共10层,2013年建/板楼,紫金新干线二期,20,13,商品房,未满两年
101102582850,商品房满五年，南北通透，楼层好，近地铁1000米左右,432,40041元/平米,3室1厅,南 北,107.89平米,低楼层/共6层,2002年建/板楼,天鑫家园,120,0,私产,满五年
101102737265,龙锦东四正规大两居，09年新小区,440,43799元/平米,2室1厅,南 北,100.46平米,高楼层/共6层,2009年建/板楼,龙锦苑东四区,38,16,商品房,未满两年
101102766242,紫金新干线南向开间   带电梯   满五年,310,66510元/平米,1室0厅,南,46.61平米,低楼层/共9层,2009年建/板楼,紫金新干线,39,4,商品房,满五年
101102676492,龙锦苑东三区  中间楼层两居室,439,43865元/平米,2室1厅,南 北,100.08平米,中楼层/共6层,2000年建/板楼,龙锦苑东三区,33,11,商品房,未满两年
101102824254,天鑫家园 1室1厅 258万,258,61635元/平米,1室1厅,北,41.86平米,中楼层/共6层,2003年建/板楼,天鑫家园,42,10,商品房,未满两年
101102506819,紫金新干线二期两居室，南北卧室，客厅朝北，精装修。,430,47021元/平米,2室2厅,南 北,91.45平米,顶层/共10层,2013年建/板楼,紫金新干线二期,53,14,商品房,未满两年
101102735063,业主自住精装修，商品房，品牌家具家电,450,45515元/平米,2室1厅,南 北,98.87平米,底层/共6层,2007年建/板楼,龙锦苑东一区,15,8,商品房,未满两年
101102867820,回龙观  霍营  天鑫家园  商品房社区  随时签约,265,64337元/平米,1室0厅,北,41.19平米,中楼层/共6层,2002年建/板塔结合,天鑫家园,10,0,商品房,未满两年
101102655895,,,,,,,,,,,,,
101102882153,南北两居   满五年  首套1%契税,348,54350元/平米,2室1厅,南 北,64.03平米,顶层/共6层,1993年建/板楼,华龙苑中里,33,24,商品房,满五年
101102813171,2012年正规电梯一居室，户型方正，诚心出售。已下架,348,57284元/平米,1室1厅,西南,60.75平米,中楼层/共28层,2010年建/板塔结合,龙旗广场,24,11,商品房,未满两年
101102592451,距离8号线回龙观东大街站851米,500,40113元/平米,3室2厅,南 北,124.65平米,低楼层/共6层,1999年建/板楼,慧龙居,12,2,商品房,未满两年
101102801914,户型方正的大三居室  商品房满五年,496,41379元/平米,3室2厅,东 南 北,119.87平米,高楼层/共6层,1999年建/板楼,慧龙居,12,0,商品房,未满两年
101102635211,天鑫家园 商品房板楼 开间 中间楼层 带阳台,260,62112元/平米,1室0厅,北,41.86平米,高楼层/共6层,2003年建/板楼,天鑫家园,49,11,商品房,未满两年
101102760731,回龙观 龙锦苑东四区 南北通透三居 诚心出售,450,36096元/平米,3室2厅,南 北,124.67平米,高楼层/共6层,2009年建/板楼,龙锦苑东四区,8,15,一类经济适用房,满五年
101102884577,龙锦苑东二区，南北通透，户型方正的两居室,446,43846元/平米,2室1厅,南 北,101.72平米,低楼层/共6层,2008年建/板楼,龙锦苑东二区,6,1,商品房,满两年
101102809760,非顶层，无遮挡，全明格局，满五唯一,499,38364元/平米,3室2厅,南 西 北,130.07平米,高楼层/共6层,2007年建/板楼,龙锦苑东一区,11,0,一类经济适用房,满五年
101102424121,电梯复式 业主诚心出售  看房方便 随时签约,649,35630元/平米,5室2厅,东 南,182.15平米,顶层/共6层,2005年建/塔楼,华龙苑北里,45,3,商品房,满五年
101102539807,中间层，南北通透三居室，满5年，业主诚心出售,370,28140元/平米,3室1厅,南 北,131.49平米,高楼层/共6层,2009年建/板楼,龙锦苑东四区,330,0,一类经济适用房,满五年
101102798034,双阳台，高楼层，采光好，视野开阔。,456,51053元/平米,2室1厅,南 北,89.32平米,高楼层/共10层,2009年建/板楼,紫金新干线,39,0,商品房,满两年
101102336501,知本时代 南北通透 满五年唯一 带电梯 地暖入户,413,72203元/平米,2室1厅,南 北,57.2平米,高楼层/共15层,2004年建/板塔结合,知本时代,149,39,商品房,满五年
101102820136,南北通透 格局方正 电梯两居室 诚心出售,529,63392元/平米,2室1厅,南 北,83.45平米,低楼层/共18层,2004年建/板塔结合,知本时代,84,83,商品房,满两年
101102862009,新康园 东南 两室两厅 满五唯一  中间楼层 正对花园,535,53769元/平米,2室2厅,东南,99.5平米,中楼层/共32层,2003年建/塔楼,新康园,16,8,商品房,满五年
101102800123,满五年唯一，装修好，小区中间位置，看房方便,560,44158元/平米,3室1厅,南 北,126.82平米,中楼层/共6层,2006年建/板楼,龙跃苑东四区,37,64,一类经济适用房,满五年
101102422739,霍营龙跃苑东五精装双通透钢混结构,480,39277元/平米,3室1厅,南 北,122.21平米,顶层/共6层,2006年建/板楼,龙跃苑东五区,227,32,一类经济适用房,满五年
101102461024,双卧朝南 送18平米露台 南北通透 满五年,420,41141元/平米,2室1厅,南 北,102.09平米,顶层/共6层,2005年建/板楼,龙跃苑三区,118,40,一类经济适用房,满五年
101102690457,小区中间位置 采光好 南北通透 看房方便,498,35290元/平米,3室1厅,南 北,141.12平米,顶层/共6层,2005年建/板楼,龙跃苑三区,2,22,一类经济适用房,满五年
101102664459,龙跃苑东四区 南北通透三居室 无遮挡,520,39154元/平米,3室1厅,南 北,132.81平米,顶层/共5层,2006年建/板楼,龙跃苑东四区,39,26,商品房,满五年
101102776261,南北通透的两居室，装修不错，看房方便,460,52285元/平米,2室2厅,南 北,87.98平米,底层/共6层,2003年建/板楼,龙跃苑一区,20,46,一类经济适用房,满五年
101102870056,旗胜家园东南朝向大一居可改两居业主随时签约,328,52039元/平米,1室1厅,东南,63.03平米,底层/共11层,2009年建/板塔结合,旗胜家园,34,19,限价商品房,满五年
101102333937,南北通透 中间楼层 落地窗阳台,495,70674元/平米,2室1厅,南 北,70.04平米,中楼层/共18层,2004年建/板塔结合,知本时代,304,27,商品房,满五年
101102762200,此房为满五年家庭唯一住宅，南北通透， 房子带电梯,487,69891元/平米,2室1厅,南 北,69.68平米,低楼层/共18层,2004年建/板塔结合,知本时代,93,28,商品房,满五年
101102764668,商品房 看房随时 中间层 小区中间位置 大三居,530,44315元/平米,3室1厅,南 北,119.6平米,中楼层/共6层,2005年建/板楼,龙跃苑三区,18,25,一类经济适用房,满五年
101102400598,知本时代两居小区中间位置看房方便距离8号线和13号线,525,55703元/平米,2室1厅,东 西,94.25平米,底层/共6层,2004年建/板楼,知本时代,70,23,商品房,满五年
101102333371,业主自住，诚心出售，看房提前预约即可,549,53049元/平米,2室1厅,西南,103.49平米,中楼层/共32层,2003年建/塔楼,新康园,144,20,私产,满五年
101102513457,看房方便 高楼层大户型两居室 客厅宽敞 满五年无个税,545,53759元/平米,2室1厅,西南,101.38平米,高楼层/共32层,2003年建/塔楼,新康园,83,20,商品房,满五年
101102873529,南北通透三居室 小区中间位置 板楼三层  位置安静,736,62602元/平米,3室2厅,南 北,117.57平米,中楼层/共6层,2004年建/板楼,知本时代,27,14,商品房,满五年
101102843475,商品房 精装两居 南北通透 中间位置  离霍营地铁319米,438,45692元/平米,2室1厅,南 北,95.86平米,顶层/共6层,2006年建/板楼,龙跃苑东五区,94,52,商品房,满五年
101102816333,首开国风美唐一期 2室1厅 550万,550,59109元/平米,2室1厅,南 北,93.05平米,低楼层/共11层,2012年建/板楼,首开国风美唐一期,53,40,商品房,满两年
101102726538,轮胎厂宿舍 2室1厅 430万已下架,430,61605元/平米,2室1厅,南 北,69.8平米,中楼层/共6层,1998年建/板楼,轮胎厂宿舍,57,25,已购公房,满五年
101102817827,旗胜家园 2室1厅 88.41平米已下架,430,48638元/平米,2室1厅,南,88.41平米,高楼层/共28层,2009年建/板塔结合,旗胜家园,26,20,限价商品房,满五年
101102827135,270米到霍营地铁站 三居两卫 次顶层,469,37860元/平米,3室1厅,南 北,123.88平米,高楼层/共6层,2006年建/板楼,龙跃苑东五区,18,13,一类经济适用房,满五年
101102547592,房子是小区中间位置，采光好前后无遮无挡 看房方便,530,57728元/平米,2室1厅,南 北,91.81平米,底层/共11层,2012年建/板楼,首开国风美唐一期,48,41,商品房,满两年
101102884932,新康园平层三居 只有契税 业主诚心出售,815,48712元/平米,3室1厅,东 南 西,167.31平米,高楼层/共32层,2003年建/塔楼,新康园,8,1,商品房,满五年
101102881400,小区中间板楼南北双通透落地飘窗二层三居室 满五唯一,735,58214元/平米,3室1厅,南 北,126.26平米,低楼层/共6层,2004年建/板楼,知本时代,23,13,商品房,满五年
101102364666,轮胎厂宿舍 南北户型两居室 满五年 采光好,360,61856元/平米,2室1厅,南 北,58.2平米,顶层/共6层,1995年建/板楼,轮胎厂宿舍,109,11,私产,满五年
101102778182,商品房 南北通透 看房随时 户型方正 中间层,439,47594元/平米,2室1厅,南 北,92.24平米,中楼层/共6层,2005年建/板楼,龙跃苑三区,75,42,商品房,满两年
101102898997,精装三居两卫，总价低，公积金贷款无个税,445,36291元/平米,3室1厅,南 北,122.62平米,顶层/共6层,2006年建/板楼,龙跃苑东四区,46,2,商品房,未满两年
101102880178,旗胜家园西南精装修两居室可改两居拎包入住,430,51895元/平米,2室1厅,西南,82.86平米,中楼层/共21层,2009年建/板塔结合,旗胜家园,21,2,限价商品房,满五年
101102490278,霍营龙跃苑东五 钢混结构 南北双通透大三居,460,37634元/平米,3室1厅,南 北,122.23平米,顶层/共6层,2006年建/板楼,龙跃苑东五区,65,9,一类经济适用房,满五年
101102845225,东南向大两居 可改三居 高楼层 主卧客厅带大阳台,560,56282元/平米,2室1厅,东南,99.5平米,中楼层/共32层,2003年建/塔楼,新康园,14,10,私产,满五年
101102871822,轮胎厂宿舍 2室1厅 415万,415,61848元/平米,2室1厅,南 北,67.1平米,顶层/共6层,2002年建/板楼,轮胎厂宿舍,10,4,已购公房,满五年
101102870397,南北通透 精装修 中间楼层 采光无遮挡,470,48459元/平米,2室1厅,南 北,96.99平米,低楼层/共6层,2006年建/板楼,龙跃苑东五区,10,9,一类经济适用房,满五年
101102271263,旗胜家园 南向商品房两居室 次卧无遮挡 业主诚心出售,430,48638元/平米,2室1厅,南,88.41平米,中楼层/共28层,2009年建/板塔结合,旗胜家园,272,11,商品房,满五年
101102730586,龙跃新上一层带花园 小区中间位置经典两居,470,48434元/平米,2室1厅,南 北,97.04平米,底层/共5层,2006年建/板楼,龙跃苑东五区,14,20,一类经济适用房,满五年
101102770025,南北通透两居室，格局方正户型设计合理，近地铁。,550,59835元/平米,2室1厅,南 北,91.92平米,高楼层/共11层,2012年建/板楼,首开国风美唐一期,50,35,商品房,满两年
101102698680,国风美唐一期 地铁270米 明卫 安静不临街 已改小三居,570,61199元/平米,2室1厅,南 北,93.14平米,低楼层/共11层,2012年建/板楼,首开国风美唐一期,43,38,商品房,满两年
101102771270,国风美唐一期 南北通透两居室 商品房满两年 次顶层,569,60655元/平米,2室1厅,南 北,93.81平米,高楼层/共11层,2012年建/板楼,首开国风美唐一期,22,48,商品房,满两年
101102834240,自住装修  看房方便 中间楼层  满五年,538,36664元/平米,3室1厅,南 北,146.74平米,中楼层/共6层,2005年建/板楼,龙跃苑三区,9,21,一类经济适用房,满五年
101102469479,业主首套住房人车分流，南北通透带飘窗，不临街,558,63860元/平米,2室1厅,南 北,87.38平米,低楼层/共18层,2009年建/板塔结合,富力桃园C区,94,4,商品房,满五年
101101881829,商品房 无个税 南北通透 小区中间 精装三居,590,42086元/平米,3室1厅,南 北,140.19平米,低楼层/共6层,2005年建/板楼,龙跃苑三区,89,0,商品房,满五年
101102797858,此房前后花园，不临街，不临地铁，无遮挡，保持好,518,58998元/平米,2室1厅,西北,87.8平米,底层/共18层,2009年建/板塔结合,富力桃园C区,0,10,商品房,满五年
101102797987,轮胎厂宿舍 2室1厅 430万,430,63894元/平米,2室1厅,南 北,67.3平米,低楼层/共6层,2002年建/板楼,轮胎厂宿舍,53,19,已购公房,满五年
101102873038,旗胜家园品牌精装修全朝南两居业主随时签约,435,49147元/平米,2室1厅,南,88.51平米,高楼层/共28层,2009年建/板塔结合,旗胜家园,26,37,限价商品房,满五年
101102766445,全 明 格 局  可 转 商   精 装 修,413,46588元/平米,2室2厅,西南 北,88.65平米,中楼层/共21层,2009年建/板塔结合,旗胜家园,61,17,限价商品房,满五年
101102868292,此房满五唯一，落地飘窗。精装修，生活配套设施齐全。,330,73252元/平米,1室1厅,北,45.05平米,高楼层/共18层,2004年建/板塔结合,知本时代,45,11,商品房,满五年
101102805195,知本时代 东西通透 配套完善 小区环境优美,520,56732元/平米,2室2厅,东 西,91.66平米,底层/共6层,2004年建/板楼,知本时代,23,12,商品房,满两年
101102844351,首开国风美唐二期 ，南向两居，自住装修,528,58857元/平米,2室1厅,南,89.71平米,低楼层/共19层,2014年建/板塔结合,首开国风美唐二期,16,19,商品房,满两年
101101435128,精装修，不临街，卫生间带窗户，双线地铁。,540,42604元/平米,3室1厅,南 北,126.75平米,中楼层/共5层,2006年建/板楼,龙跃苑东四区,84,1,一类经济适用房,满五年
101102474385,商品房+全明格局+看房提前预约,560,44941元/平米,3室1厅,南 北,124.61平米,中楼层/共6层,2007年建/板楼,龙跃苑东四区,43,6,商品房,满五年
101102746036,南北通透的三居室，满五年无个税，小区中间,560,44158元/平米,3室1厅,南 北,126.82平米,中楼层/共6层,2006年建/板楼,龙跃苑东四区,29,6,一类经济适用房,满五年
101102754345,商品房 南北通透 两居 满五年一套住房 中间楼层,480,49424元/平米,2室1厅,南 北,97.12平米,中楼层/共6层,2006年建/板楼,龙跃苑东四区,99,7,商品房,满五年
101101751366,龙跃东二区三居二卫精装修商品房满二年看房随时,499,40142元/平米,3室1厅,南 北,124.31平米,顶层/共6层,2006年建/板楼,龙跃苑东二区,57,10,商品房,满两年
101102064570,首开国风美唐 电梯板楼 次顶层 双通透两居,570,62011元/平米,2室1厅,南 北,91.92平米,高楼层/共11层,2012年建/板楼,首开国风美唐一期,103,12,商品房,满两年
101101095682,首开国风美唐二期，精装2居，87平519万,519,59938元/平米,2室1厅,南,86.59平米,低楼层/共18层,2014年建/板塔结合,首开国风美唐二期,196,12,商品房,满两年
101102695649,首开国风美唐二期 南向两居 精装修,510,56850元/平米,2室1厅,南,89.71平米,低楼层/共19层,2014年建/板塔结合,首开国风美唐二期,69,18,商品房,满两年
101102584521,自住精装南向两居室，楼间距大采光好，正对小区花园,405,45650元/平米,2室1厅,南,88.72平米,低楼层/共28层,2009年建/板塔结合,旗胜家园,148,13,限价商品房,满五年
101102001919,经济适用房满五年    低楼层   精装修,560,44158元/平米,3室1厅,南 北,126.82平米,低楼层/共6层,2006年建/板楼,龙跃苑东四区,56,18,一类经济适用房,满五年
101102651977,精装修经典E3户型 步行500米到城铁回龙观东大街站,598,62208元/平米,3室1厅,南 北,96.13平米,中楼层/共15层,2014年建/板楼,首开国风美唐二期,68,18,商品房,满两年
101101967776,诚心出售，看房方便，自住装修保持的很好,480,54933元/平米,2室1厅,东南 北,87.38平米,高楼层/共32层,2003年建/塔楼,新康园,161,0,商品房,满五年
101101960853,中间位置的复式，商品房满五年，随时签约,585,33139元/平米,4室1厅,南 北,176.53平米,高楼层/共6层,2005年建/板楼,龙跃苑三区,135,6,商品房,满两年
101102341814,房子是满五年已购公房，距离8、13号线霍营站1088米,675.5,49670元/平米,4室2厅,南 北,136平米,高楼层/共6层,2000年建/板楼,轮胎厂宿舍,42,1,已购公房,满五年
101102803156,枫丹丽舍南北通透三居室，花园社区，停车免费,950,71937元/平米,3室1厅,东南 北,132.06平米,顶层/共5层,2000年建/板楼,枫丹丽舍,18,0,商品房,满五年
101102319258,龙跃三区 南北通透三居 中间楼层 满五年只有这一套房,495,41465元/平米,3室2厅,南 北,119.38平米,中楼层/共6层,2005年建/板楼,龙跃苑三区,97,0,一类经济适用房,满五年
101102532751,近地铁  经典户型  正规三居 急售,540,59941元/平米,3室1厅,南 西 北,90.09平米,高楼层/共20层,2016年建/板塔结合,首开国风美唐三期,45,29,商品房,未满两年
101102557144,满5年，家庭1套，挑高3.1米，南北通透，无遮挡,438,49949元/平米,2室1厅,南 北,87.69平米,顶层/共6层,2003年建/板楼,龙跃苑一区,5,1,一类经济适用房,满五年
101102890572,国风美唐，南北两居，商品房满两年，中间位置,570,62377元/平米,2室1厅,南 北,91.38平米,低楼层/共11层,2012年建/板楼,首开国风美唐一期,8,0,商品房,满两年
101102720410,西三旗新康园，小户型总价低，满五年唯一,410,61012元/平米,1室1厅,北,67.2平米,中楼层/共32层,2003年建/塔楼,新康园,47,1,商品房,满五年
101100398938,龙跃苑东二区 三居两卫 30万精装 落地窗 南北通透,550,44113元/平米,3室2厅,南 北,124.68平米,高楼层/共6层,2006年建/板楼,龙跃苑东二区,54,2,商品房,满两年
101101945629,业主换房诚心出售精装修满两年小区中间位置,530,58313元/平米,2室1厅,南 北,90.89平米,底层/共11层,2012年建/板楼,首开国风美唐一期,137,4,商品房,满两年
101102687698,南北全明两居 有电梯 距离地铁489米,549,57699元/平米,2室1厅,南 北,95.15平米,中楼层/共18层,2014年建/板塔结合,首开国风美唐二期,54,17,商品房,满两年
101101029609,自住装修 交通方便 近霍营站 交通方便,420,43166元/平米,2室1厅,南 北,97.3平米,顶层/共5层,2005年建/板楼,龙跃苑东五区,346,6,一类经济适用房,满五年
101102772716,全南向高层远眺盘古大观，楼下花园尽收眼底,395,44628元/平米,2室1厅,南,88.51平米,高楼层/共28层,2009年建/板塔结合,旗胜家园,230,5,限价商品房,满五年
101101478422,首开国风美唐全南向二居室出售业主靠谱,510,58280元/平米,2室1厅,南,87.51平米,顶层/共16层,2014年建/板塔结合,首开国风美唐二期,202,11,商品房,未满两年
101102834754,昌平新康园小区中间楼层电梯东南正规的一居室,410,55616元/平米,1室1厅,东南,73.72平米,中楼层/共32层,2003年建/塔楼,新康园,12,3,商品房,满五年
101102547630,首开国风美唐二期 2室1厅 496万,496,59984元/平米,2室1厅,南,82.69平米,底层/共20层,2014年建/板塔结合,首开国风美唐二期,98,5,商品房,满两年
101102372488,海淀产权 电梯北向一居室 新装自住,305,74500元/平米,1室1厅,北,40.94平米,低楼层/共18层,2004年建/板塔结合,知本时代,198,7,商品房,满两年
101102885341,首开国风美唐二期 2室1厅 530万,530,61208元/平米,2室1厅,南,86.59平米,高楼层/共18层,2014年建/板塔结合,首开国风美唐二期,14,2,商品房,未满两年
101102011385,龙跃苑东二区 三居两卫 落地窗 南北通透,500,40171元/平米,3室1厅,南 北,124.47平米,高楼层/共6层,2007年建/板楼,龙跃苑东二区,57,0,一类经济适用房,满五年
101102878956,步行300米到城铁8号线东大街站 自住精装修 经典户型,545,59537元/平米,2室1厅,南,91.54平米,中楼层/共16层,2014年建/板塔结合,首开国风美唐二期,9,4,商品房,未满两年
101102771829,新康园 2室1厅 489万,489,55969元/平米,2室1厅,东 西 北,87.37平米,低楼层/共32层,2003年建/塔楼,新康园,8,3,商品房,满五年
101101725357,国风美唐二期精装修南北二居室出售 业主靠谱,550,57179元/平米,2室1厅,南 北,96.19平米,低楼层/共16层,2014年建/板塔结合,首开国风美唐二期,47,10,商品房,未满两年
101101976246,首开国风美唐三期127平三居2卫，660万出售,660,51708元/平米,3室2厅,南 北,127.64平米,底层/共18层,2016年建/板塔结合,首开国风美唐三期,136,9,商品房,未满两年
101102479608,南北通透三居室，自住装修，步行至回龙观东大街304米,555,58311元/平米,3室1厅,南 北,95.18平米,高楼层/共16层,2014年建/板塔结合,首开国风美唐二期,95,12,商品房,未满两年
101102228757,板楼复式 上下两层都南北通透 带挑空 赠送半层和露台,789,45182元/平米,5室1厅,南 北,174.63平米,顶层/共5层,未知年建/板楼,新康园,126,3,私产,满五年
101102226625,商品房 中间楼层 三居两卫  采光充足 小区中间位置,570,40369元/平米,3室1厅,南 北,141.2平米,中楼层/共6层,2003年建/板楼,龙跃苑一区,63,0,商品房,满五年
101101938349,首开国风美唐三期 全明格局 南北两居 距离地铁538米,546,56810元/平米,2室1厅,南 北,96.11平米,低楼层/共18层,2016年建/板塔结合,首开国风美唐三期,19,12,商品房,未满两年
101102721451,枫丹2号 1房间1卫 105万,105,26159元/平米,1房间1卫,东,40.14平米,中楼层/共4层,2010年建/板塔结合,枫丹2号,81,0,商品房,满五年
101102187724,精装三居室 看房方便，业主诚心出售,495,35075元/平米,3室2厅,南 北,141.13平米,顶层/共6层,2003年建/板楼,龙跃苑一区,50,0,一类经济适用房,满五年
101102135564,首开国风美唐 南向一居 视野开阔 采光充足,208,30838元/平米,2房间1卫,南,67.45平米,中楼层/共17层,2014年建/塔楼,首开国风美唐综合楼,136,2,商品房,满两年
101102061669,首开国风美唐二期 南北通透的两居室 采光和通风好,525,57122元/平米,2室1厅,南 北,91.91平米,顶层/共19层,2014年建/板塔结合,首开国风美唐二期,67,0,商品房,未满两年
101102864003,,,,,,,,,,,,,
101102808506,龙跃东四，三居两卫，自住装修 全明格局小区中间,550,41401元/平米,3室2厅,南 北,132.85平米,高楼层/共6层,2006年建/板楼,龙跃苑东四区,3,0,一类经济适用房,满五年
101102802371,,,,,,,,,,,,,
101102867464,龙跃苑一区 5室1厅 800万,800,34962元/平米,5室1厅,南 北,228.82平米,顶层/共5层,2003年建/板楼,龙跃苑一区,8,0,商品房,满五年
101102803793,首开国风美唐综合楼 1房间1卫 220万,220,28557元/平米,1房间1卫,东北,77.04平米,低楼层/共17层,2014年建/板楼,首开国风美唐综合楼,4,6,商品房,满两年
101102622886,美唐二期中间位置高楼层二居室精装出售,565,59738元/平米,2室1厅,南 北,94.58平米,中楼层/共18层,2014年建/板塔结合,首开国风美唐二期,30,2,商品房,未满两年
101102249971,,,,,,,,,,,,,
101102243643,首开国风美唐三期 89.56平南北向三居,537,59960元/平米,3室1厅,南 北,89.56平米,高楼层/共21层,2016年建/板塔结合,首开国风美唐三期,62,1,商品房,未满两年
101101695315,美唐三期南向两居 毛坯房 有钥匙 无遮挡 采光好可签约,490,56039元/平米,2室1厅,南,87.44平米,底层/共18层,2016年建/板塔结合,首开国风美唐三期,119,0,商品房,未满两年
101102707553,电梯房， 随时签约， 看房方便不！,175,30547元/平米,1房间1卫,西,57.29平米,高楼层/共17层,2014年建/板楼,首开国风美唐综合楼,22,1,商品房,满两年
101102689024,首开国风美唐综合楼 2房间1卫 210万,210,34648元/平米,2房间1卫,东南,60.61平米,中楼层/共17层,2014年建/塔楼,首开国风美唐综合楼,4,1,商品房,满两年
101102065420,南向开间，采光好，中等装修，随时签约,220,36298元/平米,1房间1卫,南,60.61平米,低楼层/共17层,2014年建/塔楼,首开国风美唐综合楼,56,0,商品房,满两年
101102705135,平层四居！户型方正！大落地窗！业主诚心出售！,850,59969元/平米,4室2厅,南 北,141.74平米,底层/共9层,2014年建/板楼,首开国风美唐二期,37,0,商品房,满两年
101102749514,正规大两居，景观楼层，看房方便,580,52998元/平米,2室2厅,东南,109.44平米,中楼层/共32层,2003年建/塔楼,新康园,18,0,商品房,未满两年
101101871075,电梯房，采光充足，交通便利，业主诚意出售,180,39105元/平米,1房间1卫,东,46.03平米,低楼层/共17层,2014年建/板楼,首开国风美唐综合楼,3,1,商品房,满两年
101101870767,东北双朝向 带电梯 高楼层 采光好,267,34658元/平米,2房间1卫,东北,77.04平米,高楼层/共17层,2014年建/塔楼,首开国风美唐综合楼,39,0,商品房,满两年
101101872243,首开国风美唐东南向开间采光好视野好,200,33586元/平米,1房间1卫,东南 南,59.55平米,高楼层/共17层,2014年建/板楼,首开国风美唐综合楼,95,0,商品房,满两年
101101990397,枫丹2号 1房间1卫 150万,150,21277元/平米,1房间1卫,东,70.5平米,顶层/共4层,2009年建/板塔结合,枫丹2号,41,0,商品房,满五年
101101926534,龙跃苑东四区 两居室 南北通透 近地铁霍营站,460,47365元/平米,2室1厅,南 北,97.12平米,高楼层/共6层,2006年建/板楼,龙跃苑东四区,173,0,商品房,未满两年
101102652961,首开国风美唐集中供暖电梯房近地铁,518,53852元/平米,2室1厅,南 北,96.19平米,底层/共16层,2014年建/板塔结合,首开国风美唐二期,26,0,商品房,未满两年
101102451129,首开国风美唐综合楼 1房间1卫 255万,255,33234元/平米,1房间1卫,东南,76.73平米,中楼层/共17层,2014年建/塔楼,首开国风美唐综合楼,15,1,商品房,满两年
101102867054,旗胜家园，精装两居室，业主诚心出售,410,45872元/平米,2室2厅,南 东北,89.38平米,中楼层/共21层,2009年建/板塔结合,旗胜家园,26,11,限价商品房,满五年
101102823101,新康园二期板楼一梯两户   正规三室两卫   满五唯一,640,55168元/平米,3室1厅,东 南 北,116.01平米,中楼层/共5层,1999年建/板楼,新康园,15,11,商品房,满五年
101102528910,首开国风美唐综合楼 1房间1卫 175万,175,36504元/平米,1房间1卫,东,47.94平米,中楼层/共17层,2014年建/板楼,首开国风美唐综合楼,3,0,商品房,满两年
101102758888,首开国风美唐综合楼 1房间1卫 225万,225,37413元/平米,1房间1卫,北,60.14平米,高楼层/共17层,2014年建/塔楼,首开国风美唐综合楼,0,0,商品房,满两年
101102170092,霍营双线，出行方便，南向采光好,230,41353元/平米,1房间1卫,南,55.62平米,中楼层/共17层,2014年建/塔楼,首开国风美唐综合楼,34,0,商品房,满两年
101102435399,金隅翡丽精装修4居 户型好 电梯洋房 不临街,1600,85057元/平米,4室2厅,东 南 北,188.11平米,中楼层/共6层,2012年建/板楼,金隅翡丽一期,54,2,商品房,满两年
101102876187,公摊两平米，通透性好，配套完善，诚心出售,390,54363元/平米,3房间1卫,西南,71.74平米,底层/共18层,2004年建/板塔结合,知本时代,10,0,商品房,满五年
101102249034,首开国风美唐综合楼 1房间1卫 205万,205,33823元/平米,1房间1卫,东南,60.61平米,高楼层/共17层,2014年建/塔楼,首开国风美唐综合楼,16,3,商品房,未满两年
101102844981,南北通透 三居两卫  看房随时,490,33969元/平米,3室1厅,南 北,144.25平米,顶层/共6层,2005年建/板楼,龙跃苑三区,13,0,一类经济适用房,满五年
101101953682,南向 装修不错 采光好 交通便利,251,37213元/平米,1房间1卫,南,67.45平米,中楼层/共17层,2014年建/塔楼,首开国风美唐综合楼,32,1,商品房,未满两年
101102655494,东向，电梯房，交通便利，视野开阔,155,32916元/平米,1房间1卫,东,47.09平米,中楼层/共17层,2014年建/板楼,首开国风美唐综合楼,13,1,商品房,未满两年
101102643673,霍营双线 近地铁 电梯房一居 楼层高 采光好 精装修,220,33053元/平米,2房间1卫,西,66.56平米,中楼层/共17层,2014年建/板楼,首开国风美唐综合楼,2,1,商品房,未满两年
101102902898,,,,,,,,,,,,,
101102889659,龙跃苑一区 3室1厅 510万,510,36030元/平米,3室1厅,南 北,141.55平米,顶层/共6层,2003年建/板楼,龙跃苑一区,4,1,一类经济适用房,满五年
101102819953,首开国风美唐一期 车位 31万,31,7885元/平米,车位,北,39.32平米,地下室,2012年建,首开国风美唐一期,4,0,商品房,满两年
101102824092,首开国风美唐一期 车位 29万已下架,29,7376元/平米,车位,北,39.32平米,地下室,2012年建,首开国风美唐一期,2,1,商品房,满两年
101101088882,商品房满五年 不临街不把边  税费少,750,37456元/平米,5室2厅,南 北,200.24平米,顶层/共5层,2003年建/板楼,龙跃苑一区,33,0,商品房,满五年
101102217867,龙跃苑东二区靠谱出售业主诚心签约房屋看房方便,420,39511元/平米,2室1厅,南 西 北,106.3平米,顶层/共6层,2007年建/板楼,龙跃苑东二区,43,2,一类经济适用房,满五年
101102582169,国际花园平层大宅，边户转角阳台，有电梯，海淀产权,1700,68131元/平米,4室2厅,南 西 北,249.52平米,中楼层/共5层,2008年建/板楼,专家国际花园,6,0,商品房,满两年
101102855990,首开国风美唐二期 2室1厅 560万,560,58566元/平米,2室1厅,南 北,95.62平米,顶层/共16层,2014年建/板塔结合,首开国风美唐二期,9,0,商品房,满两年
101102584560,中间位置   满五唯一   采光好,549,43355元/平米,3室1厅,南 北,126.63平米,中楼层/共6层,2006年建/板楼,龙跃苑东四区,32,0,一类经济适用房,满五年
101101891571,首开国风美唐综合楼  随时可以签约,268,40060元/平米,1房间1卫,西,66.9平米,高楼层/共17层,2014年建/塔楼,首开国风美唐综合楼,24,1,商品房,满两年
101101891682,国风美唐  西向 视野好  中等装修,268,40060元/平米,1房间1卫,西,66.9平米,高楼层/共17层,2014年建/塔楼,首开国风美唐综合楼,23,1,商品房,满两年
101102559002,首开国风美唐一期 车位 30.5万,30.5,7757元/平米,车位,南,39.32平米,地下室,2012年建,首开国风美唐一期,6,0,商品房,满两年
101102456292,四居室5+6 商品房满五年，无个税，小区中间位置,580,37548元/平米,4室2厅,南 北,154.47平米,高楼层/共6层,2005年建/板楼,龙跃苑三区,48,1,商品房,未满两年
101102785500,首开国风美唐一期 车位 31万,31,7815元/平米,车位,北,39.67平米,地下室,2012年建,首开国风美唐一期,4,0,商品房,满两年
101102786900,首开国风美唐一期 车位 30万,30,7630元/平米,车位,北,39.32平米,地下室,2012年建,首开国风美唐一期,3,0,商品房,满两年
101102726001,首开国风美唐一期 车位 31万,31,7815元/平米,车位,北,39.67平米,地下室,2012年建,首开国风美唐一期,2,0,商品房,满两年
101102789181,首开国风美唐一期 车位 31.5万,31.5,7941元/平米,车位,北,39.67平米,地下室,2012年建,首开国风美唐一期,3,0,商品房,满两年
101102349914,,,,,,,,,,,,,
101102905839,旗胜家园朝南两居总价低无遮挡业主随时签约！已下架,385,43548元/平米,2室1厅,南,88.41平米,低楼层/共28层,2009年建/板塔结合,旗胜家园,35,4,限价商品房,满五年
101102902849,,,,,,,,,,,,,
101102884413,旗胜家园小区中间位置满五年中间楼层全朝南优质两居室,420,47086元/平米,2室1厅,南,89.2平米,中楼层/共28层,2009年建/板塔结合,旗胜家园,3,1,限价商品房,满五年
101102824658,首开国风美唐二期 车位 30万,30,8806元/平米,车位,北,34.07平米,地下室,2015年建,首开国风美唐二期,1,0,商品房,未满两年
101102826992,首开国风美唐二期 车位 30万,30,8806元/平米,车位,北,34.07平米,地下室,2015年建,首开国风美唐二期,2,0,商品房,未满两年
101102845723,首开国风美唐二期 车位 27万,27,7925元/平米,车位,东 南 西 北,34.07平米,地下室,2015年建,首开国风美唐二期,1,0,商品房,未满两年
101102586859,商品房高原值三居室业主换房出售,560,44915元/平米,3室1厅,南 北,124.68平米,高楼层/共6层,2006年建/板楼,龙跃苑东二区,3,0,商品房,满两年
101102219458,商品房满两年 南北双通透 看房方便,500,40904元/平米,3室1厅,南 北,122.24平米,顶层/共6层,2006年建/板楼,龙跃苑东四区,25,0,商品房,满两年
101102700260,首开国风美唐一期 车位 32万,32,8139元/平米,车位,东,39.32平米,地下室,2012年建,首开国风美唐一期,1,0,商品房,未满两年
101102704866,国风美唐B1车位，电梯直接入户,28,8219元/平米,车位,北,34.07平米,地下室,2015年建,首开国风美唐二期,2,0,商品房,未满两年
101102794987,车位 诚心出售 位置好 单元楼下,27,7925元/平米,车位,东 南 西 北,34.07平米,地下室,2015年建,首开国风美唐二期,1,0,商品房,未满两年
