id,SimpleDescription,HousePrice,HouseType,HouseDirection,HouseFloor,HouseAge,CommunityName,FollowersCnt,WatchersCnt,HouseTransType,HouseTransAge,UnitPriceV,HouseAreaV
101102874856,小区中间位置，满五年商品房在京唯一房产,385.0,2室1厅,南 北,高楼层/共6层,1995年建/板楼,华龙苑南里,55.0,51.0,商品房,满五年,51873.0,74.22
101102828901,华龙苑南里一层南北通透两居室，主卧客厅双阳台,377.0,2室1厅,南 北,底层/共6层,1995年建/板楼,华龙苑南里,74.0,46.0,商品房,满五年,51126.0,73.74
101102882210,婚房装修，中间楼层，有地铁8号线和13号线,385.0,2室1厅,南,中楼层/共5层,1998年建/板楼,蓝天园,31.0,5.0,商品房,满两年,53592.0,71.84
101102879591,华龙苑南里三居室+三层+霍营地铁8、13号线,465.0,3室1厅,东 南 北,中楼层/共6层,1999年建/板楼,华龙苑南里,17.0,13.0,商品房,满五年,44678.0,104.08
101102874184,南北通透  客厅卧室各带个阳台  商品房满五年,320.0,1室1厅,南 北,中楼层/共6层,1997年建/板楼,华龙苑南里,20.0,39.0,商品房,满五年,63619.0,50.3
101102834030,华龙苑南里 2室1厅 375万,375.0,2室1厅,南 北,顶层/共6层,1995年建/板楼,华龙苑南里,83.0,25.0,商品房,满五年,51753.0,72.46
101102733019,华龙苑南里三居室+三层+霍营地铁8、13号线交汇,465.0,3室1厅,南 北,中楼层/共6层,2000年建/板楼,华龙苑南里,68.0,11.0,商品房,满五年,45353.0,102.53
101102311295,南北通透两居室  中间位置    采光好,335.0,2室1厅,南 北,高楼层/共6层,1992年建/板楼,华龙苑中里,143.0,32.0,私产,满五年,58907.0,56.87
101102703219,南里复式三居室，前后有小院。距离地铁670米。,490.0,3室1厅,南 北,底层/共6层,1997年建/板楼,华龙苑南里,101.0,32.0,商品房,满五年,41735.0,117.41
101102473932,南北通透两居室，满五年，距离回龙观东大街775米,318.0,2室1厅,南 北,顶层/共6层,1993年建/板楼,华龙苑中里,247.0,33.0,已购公房,满五年,56423.0,56.36
101102832514,公房满五年，没有抵押，诚心出售，随时可以签约，,360.0,2室1厅,东北,顶层/共6层,1995年建/板楼,华龙苑南里,38.0,14.0,已购公房,满五年,47969.0,75.05
101102760404,商品房满五年唯一，精装修，全明格局，随时签约,400.0,2室2厅,南 北,顶层/共5层,1998年建/板楼,蓝天园,35.0,21.0,商品房,满五年,48894.0,81.81
101102636705,商品房  房本满五年  家庭名下一套  南北通透,310.0,2室1厅,南 北,底层/共6层,1997年建/板楼,华龙苑南里,82.0,8.0,商品房,满五年,61631.0,50.3
101102863552,南向正规两居室  霍营地铁双轨交汇  诚心出售,340.0,2室1厅,南,底层/共6层,1995年建/板楼,华龙苑南里,74.0,18.0,商品房,满两年,55977.0,60.74
101102833550,中间楼层  精装修  南北两居 交通便利,348.0,2室1厅,南 北,中楼层/共6层,1998年建/板楼,蓝天园,48.0,42.0,商品房,满两年,54752.0,63.56
101102885452,华龙苑中里，低楼层正规一居室，距离霍营地铁站939米已下架,288.0,1室1厅,南,低楼层/共6层,1990年建/板楼,华龙苑中里,17.0,14.0,商品房,满两年,66698.0,43.18
101102807242,华龙苑中里中间层正规两居室，距离霍营地铁站939米,288.0,2室1厅,东 北,中楼层/共6层,1992年建/板楼,华龙苑中里,125.0,33.0,商品房,未满两年,54279.0,53.06
101102703549,双卫大三居 可做四居使用 中间楼层 精装修,600.0,3室2厅,南 北,中楼层/共6层,2003年建/板楼,华龙苑中里,35.0,3.0,已购公房,满五年,38396.0,156.27
101102840562,华龙苑中里 2室1厅 350万,350.0,2室1厅,南 北,底层/共5层,1992年建/板楼,华龙苑中里,32.0,6.0,商品房,满两年,62400.0,56.09
101102878906,蓝天园 2室1厅 400万,400.0,2室1厅,南 北,顶层/共6层,1998年建/板楼,蓝天园,16.0,1.0,商品房,满两年,54201.0,73.8
101102725038,小区中间位置，正规小两居，总价低，距离地铁1100米,290.0,2室1厅,东 北,顶层/共6层,1993年建/板楼,华龙苑中里,91.0,14.0,商品房,满两年,54656.0,53.06
101102781412,华龙苑中里，精装修南向一居室，距离霍营地铁站939米,288.0,1室1厅,南,顶层/共5层,1992年建/板楼,华龙苑中里,124.0,21.0,商品房,满两年,66698.0,43.18
101102597389,商品房 一层带院 业主自住 不临街不把边 看房方便,390.0,2室1厅,南 北,底层/共6层,1995年建/板楼,华龙苑南里,76.0,5.0,商品房,满两年,52188.0,74.73
101102567452,商满五唯一，精装修，小区中间位置，到地铁578米,300.0,1室1厅,南,顶层/共6层,1995年建/板楼,华龙苑南里,372.0,0.0,商品房,满五年,56339.0,53.25
101102588049,华龙苑南里精装修南北通透一居室！户型好，,320.0,1室1厅,南 北,高楼层/共6层,1997年建/板楼,华龙苑南里,77.0,1.0,商品房,满两年,56900.0,56.24
101102884402,华龙苑南里 2室1厅 338万,338.0,2室1厅,南 北,底层/共6层,1997年建/板楼,华龙苑南里,14.0,2.0,商品房,满两年,60100.0,56.24
101102890395,华龙苑中里 2室1厅 355万,355.0,2室1厅,南 北,低楼层/共6层,1993年建/板楼,华龙苑中里,12.0,3.0,商品房,满五年,62988.0,56.36
101102897682,成本价已购公房  霍营地铁双规交汇 诚心出售,380.0,2室1厅,南 北,顶层/共6层,1995年建/板楼,华龙苑南里,24.0,1.0,已购公房,满五年,51498.0,73.79
101102833049,华龙苑中里 2室1厅 380万,380.0,2室1厅,南 北,高楼层/共6层,1992年建/板楼,华龙苑中里,3.0,3.0,商品房,满两年,53103.0,71.56
101102356895,中间楼层，紧凑小三居，公摊小，使用面积大,380.0,3室1厅,南 北,中楼层/共6层,1995年建/板楼,霍营小区,95.0,4.0,私产,满五年,54890.0,69.23
101102802337,紫金新干线，商品电梯房，双卧朝南户型，南北全明格局已下架,460.0,2室1厅,南 北,低楼层/共9层,2009年建/板楼,紫金新干线,124.0,172.0,商品房,满五年,51931.0,88.58
101102883161,龙锦苑东五区 经典3居2卫户型 中间楼层 看房随时,490.0,3室2厅,南 北,中楼层/共6层,2007年建/板楼,龙锦苑东五区,15.0,34.0,一类经济适用房,满五年,39270.0,124.78
101102870200,中间楼层 自住精装 南北通透两居看房方便,430.0,2室1厅,南 北,中楼层/共6层,2009年建/板楼,龙锦苑东四区,13.0,53.0,一类经济适用房,满五年,42269.0,101.73
101102872920,中间楼层，全南两居室，自住精装，诚心出售已下架,460.0,2室1厅,南,中楼层/共9层,2009年建/板楼,紫金新干线,33.0,52.0,商品房,未满两年,56064.0,82.05
101101778621,华龙苑北里  电梯复式  五居室,655.0,5室2厅,东 南,顶层/共6层,2005年建/塔楼,华龙苑北里,261.0,15.0,私产,满五年,36333.0,180.28
101102818623,商品房满五年，自住精装修，阳光充足不遮挡，适合刚需,439.0,2室1厅,南 北,高楼层/共6层,2007年建/板楼,龙锦苑东一区,19.0,29.0,商品房,满五年,44578.0,98.48
101102095547,回龙观 新小区 大两居 中间层 生活方便,405.0,2室1厅,南 北,高楼层/共6层,2007年建/板楼,龙锦苑东一区,67.0,14.0,一类经济适用房,满五年,41105.0,98.53
101102221967,楼前无遮挡，不临街不把边，看房方便,465.0,3室1厅,南 北,中楼层/共6层,2007年建/板楼,龙锦苑东一区,122.0,43.0,一类经济适用房,满五年,39096.0,118.94
101102339662,商品房，东南向大两居，装修完没住过，看房随时,450.0,2室1厅,东南,低楼层/共28层,2010年建/板塔结合,龙旗广场,61.0,76.0,商品房,满五年,56462.0,79.7
101102327161,单价3.85万 不临街4层三居室 南北通透,388.0,3室2厅,南 北,中楼层/共6层,2007年建/板楼,龙锦苑东二区,142.0,26.0,一类经济适用房,满五年,31190.0,124.4
101102750923,09年小区 商品房 南北通透大三居,465.0,3室1厅,南 北,顶层/共6层,2000年建/板楼,龙锦苑东三区,36.0,16.0,商品房,满两年,37383.0,124.39
101102647856,满五年商品房 三居两卫 步行到回龙观东大街站447米,451.0,3室1厅,南 北,高楼层/共6层,2001年建/板楼,华龙苑中里,75.0,30.0,商品房,满五年,38574.0,116.92
101102864785,龙锦苑东五区 3室2厅 129.22平米已下架,495.0,3室2厅,南 北,底层/共6层,2007年建/板楼,龙锦苑东五区,7.0,13.0,一类经济适用房,满五年,38307.0,129.22
101102844584,霍营低楼层三居室 业主诚心卖 精装修 户型方正,446.0,3室1厅,南 北,低楼层/共6层,2001年建/板楼,天鑫家园,31.0,9.0,商品房,满两年,45674.0,97.65
101102831667,龙锦苑东一区  商品房满五年  业主诚心出售,470.0,3室2厅,南 北,高楼层/共6层,2007年建/板楼,龙锦苑东一区,24.0,17.0,商品房,满五年,37888.0,124.05
101102850858,3居室2个卫生间，适合一家人，业主诚心出售,460.0,3室2厅,南 北,高楼层/共6层,2007年建/板楼,龙锦苑东五区,18.0,21.0,一类经济适用房,满五年,36724.0,125.26
101102616215,回龙观 精装三居 3.1米挑高 全明格局  满五唯一商品房,470.0,3室2厅,南 北,顶层/共6层,2007年建/板楼,龙锦苑东五区,118.0,14.0,商品房,满五年,37552.0,125.16
101100814055,南北通透大两居，小区人文素质高，环境适宜,410.0,2室1厅,南 北,顶层/共6层,2008年建/板楼,龙锦苑东二区,319.0,15.0,一类经济适用房,满五年,40454.0,101.35
101102515751,商品房 满二年 38万精装修 非顶层 产权清晰 无抵押,488.0,3室2厅,南 北,高楼层/共6层,2007年建/板楼,龙锦苑东一区,56.0,25.0,商品房,满两年,39305.0,124.16
101102790950,旺龙花园满五年正规一居改两居，全明格局,310.0,1室1厅,东北,中楼层/共6层,2004年建/板楼,旺龙花园,84.0,41.0,商品房,满两年,59071.0,52.48
101102719931,龙旗广场 南北通透两居室 看房方便 带有电梯,420.0,2室1厅,南 北,中楼层/共11层,2010年建/板塔结合,龙旗广场,59.0,57.0,限价商品房,满五年,55874.0,75.17
101102542610,回龙观 霍营 龙锦苑东五区 中间层大三居 商品房！,499.0,3室2厅,南 北,中楼层/共5层,2007年建/板楼,龙锦苑东五区,116.0,39.0,商品房,满两年,40017.0,124.7
101102719466,商品房 满二年 原值高，2015年精装修，看房方便,485.0,3室1厅,南 北,高楼层/共6层,2008年建/板楼,龙锦苑东二区,55.0,25.0,商品房,满两年,38838.0,124.88
101102292099,满五年家庭只有一套住房南北通透三居 小区中间位置,450.0,3室1厅,南 北,中楼层/共6层,2007年建/板楼,龙锦苑东一区,173.0,3.0,一类经济适用房,满五年,37908.0,118.71
101101084594,商品房满五年一套房带电梯集中供暖精装修看房方便随签,550.0,3室2厅,南 西 北,中楼层/共10层,2005年建/板楼,华龙苑北里,198.0,6.0,商品房,满五年,46041.0,119.46
101102683017,力荐龙旗广场东南一居室满五年唯一2010年建成,336.0,1室1厅,东南,高楼层/共28层,2010年建/板塔结合,龙旗广场,50.0,18.0,限价商品房,满五年,55146.0,60.93
101102782139,回龙观 2009年的房子 南北通透 中间楼层,415.0,3室1厅,南 北,中楼层/共6层,2009年建/板楼,龙锦苑东四区,24.0,24.0,一类经济适用房,满五年,40787.0,101.75
101102642882,天鑫家园小区是商品房社区房子满五年,305.0,1室1厅,北,底层/共6层,2003年建/板楼,天鑫家园,50.0,57.0,商品房,满五年,59018.0,51.68
101102323368,龙锦苑东三区距回龙观东大街地铁站500米，南北通透,370.0,2室1厅,南 北,顶层/共6层,2000年建/板楼,龙锦苑东三区,258.0,22.0,一类经济适用房,满五年,36971.0,100.08
101102179691,楼前无遮挡   采光好    看房方便,450.0,3室2厅,南 北,顶层/共6层,2007年建/板楼,龙锦苑东一区,62.0,2.0,一类经济适用房,满五年,36197.0,124.32
101101472367,龙锦苑东三区 两室一厅 户型方正 诚心出售,410.0,2室1厅,南 北,顶层/共6层,2000年建/板楼,龙锦苑东三区,48.0,3.0,一类经济适用房,满五年,40968.0,100.08
101102814325,经济适用房满五年家庭一套房子一层三居室南北通透,490.0,3室2厅,南 北,底层/共6层,2007年建/板楼,龙锦苑东一区,13.0,4.0,一类经济适用房,满五年,39510.0,124.02
101102764347,龙旗广场 电梯两居室 看房方便又钥匙,420.0,2室1厅,西南,中楼层/共28层,2010年建/板塔结合,龙旗广场,15.0,22.0,限价商品房,满五年,52415.0,80.13
101102623368,龙锦苑东三区  不临街 南北通透 两居室,400.0,2室1厅,南 北,中楼层/共6层,2000年建/板楼,龙锦苑东三区,120.0,12.0,一类经济适用房,满五年,40462.0,98.86
101102814970,龙锦苑东三区，中间层大三居，已转商。,485.0,3室1厅,南 北,高楼层/共6层,2009年建/板楼,龙锦苑东三区,33.0,13.0,商品房,满两年,38991.0,124.39
101102823715,龙锦苑东一区 3室2厅 485万,485.0,3室2厅,南 北,中楼层/共6层,2007年建/板楼,龙锦苑东一区,15.0,9.0,商品房,满两年,39063.0,124.16
101101492027,挑高3.1米的大三居  户型方正 明卫,478.0,3室2厅,南 北,顶层/共6层,2009年建/板楼,龙锦苑东四区,93.0,0.0,一类经济适用房,满五年,36886.0,129.59
101102800672,南向开间  自住精装修  家庭名下唯一住宅，满五年,320.0,1室0厅,南,底层/共10层,2009年建/板楼,紫金新干线,13.0,26.0,商品房,满五年,68685.0,46.59
101102788141,电梯房中层南向精装修开间 满五年 首套购房只有1%契税,320.0,1室0厅,南,低楼层/共9层,2009年建/板楼,紫金新干线,16.0,18.0,商品房,满五年,68304.0,46.85
101102336940,小区中间位置 装修不错 满五年,449.0,3室1厅,南 北,顶层/共6层,2007年建/板楼,龙锦苑东一区,33.0,4.0,一类经济适用房,满五年,36164.0,124.16
101102711509,回龙观，低总价，2009年新小区，满五年。,408.0,2室1厅,南 北,高楼层/共6层,2009年建/板楼,龙锦苑东四区,24.0,2.0,一类经济适用房,满五年,40130.0,101.67
101102894060,南北通透三居室，小区中间位置，安静舒适,646.0,3室2厅,南 北,底层/共10层,2009年建/板楼,紫金新干线,15.0,1.0,商品房,满两年,48105.0,134.29
101101624686,新装修的二改三，送新买的家具家电，板楼带电梯,550.0,2室1厅,南 北,顶层/共9层,2009年建/板楼,紫金新干线,79.0,33.0,商品房,未满两年,51537.0,106.72
101102119804,3.2米挑高 不临街不把边 南北通透两居室,410.0,2室2厅,南 北,顶层/共6层,2007年建/板楼,龙锦苑东一区,34.0,1.0,一类经济适用房,满五年,41469.0,98.87
101102324113,一层三居室 有钥匙 集中供暖 商品房小区 集中供暖,450.0,3室2厅,南 北,底层/共6层,2005年建/板楼,华龙苑北里,131.0,3.0,商品房,满五年,33341.0,134.97
101102674859,商品房低楼层♥南北通透三居两卫♥小区中间位置,475.0,3室2厅,南 北,底层/共6层,2007年建/板楼,龙锦苑东五区,60.0,28.0,商品房,未满两年,38221.0,124.28
101102813877,8.15满五年，唯一住宅，自住精装,320.0,1室0厅,南,中楼层/共10层,2009年建/板楼,紫金新干线,22.0,18.0,商品房,满两年,69505.0,46.04
101101747044,商品房南北通透三居室环保装修温馨居家卫生间有窗户,499.0,3室2厅,南 北,高楼层/共6层,2007年建/板楼,龙锦苑东一区,51.0,0.0,商品房,满五年,40155.0,124.27
101102760696,龙锦苑东一区 3室1厅 499万,499.0,3室1厅,南 北,中楼层/共6层,2007年建/板楼,龙锦苑东一区,10.0,4.0,商品房,满五年,40191.0,124.16
101102448390,一梯两户*，业主诚意出售，看房方便,430.0,3室1厅,南 北,顶层/共6层,2007年建/板楼,龙锦苑东二区,17.0,4.0,一类经济适用房,满五年,34566.0,124.4
101102569817,商品房 小区中间不临街不把边 二层有装修,485.0,3室2厅,南 北,低楼层/共6层,2007年建/板楼,龙锦苑东一区,20.0,21.0,商品房,满两年,39107.0,124.02
101101487662,中间楼层三居室 南北通透采光好 诚心出售,450.0,3室2厅,南 北,高楼层/共6层,2009年建/板楼,龙锦苑东四区,72.0,7.0,一类经济适用房,满五年,36096.0,124.67
101102659756,龙锦苑东一区  自住三居室 诚心出售,445.0,3室2厅,南 北,高楼层/共6层,2007年建/板楼,龙锦苑东一区,31.0,0.0,一类经济适用房,满五年,35841.0,124.16
101102738530,华龙苑中里 1室0厅 40.52平米已下架,278.0,1室0厅,北,中楼层/共6层,2001年建/板楼,华龙苑中里,30.0,9.0,商品房,满五年,68609.0,40.52
101102687841,15年高品质新商品房小区 高层两居 采光充足视野开阔,430.0,2室1厅,南,顶层/共8层,2013年建/板楼,紫金新干线二期,48.0,39.0,商品房,未满两年,50840.0,84.58
101102683672,旺龙花园 3室2厅 480万,480.0,3室2厅,东 西 北,中楼层/共6层,2004年建/板楼,旺龙花园,8.0,0.0,私产,满五年,40158.0,119.53
101102733691,地暖 全明格局 2层 小区中间 装修好 诚心出售,525.0,3室2厅,南 北,低楼层/共6层,2007年建/板楼,龙锦苑东五区,10.0,1.0,一类经济适用房,满五年,40472.0,129.72
101102548711,商品房2015年社区，产权清晰，无户口,295.0,1室0厅,南,底层/共10层,2013年建/板楼,紫金新干线二期,105.0,28.0,商品房,未满两年,62873.0,46.92
101102831919,电梯房两居室 户型方正 高楼层采光好 看房方便 诚心卖,405.0,2室1厅,西南,中楼层/共28层,2010年建/板塔结合,龙旗广场,23.0,2.0,限价商品房,满五年,50822.0,79.69
101102823676,2018年5月24日商品房满五年不临街三居室南北通透,496.0,3室1厅,南 北,高楼层/共6层,2007年建/板楼,龙锦苑东一区,12.0,0.0,商品房,满五年,39994.0,124.02
101102394987,低楼层 一居室 户型好 总价低,315.0,1室1厅,南,低楼层/共6层,2003年建/板楼,天鑫家园,120.0,9.0,商品房,满两年,59943.0,52.55
101102795658,龙锦苑东二区 2室1厅 443万,443.0,2室1厅,南 北,低楼层/共6层,2008年建/板楼,龙锦苑东二区,11.0,7.0,一类经济适用房,满五年,43663.0,101.46
101102871569,紫金新干线，板楼商品房，南北通透三居室，原值355万,650.0,3室1厅,南 北,底层/共10层,2009年建/板楼,紫金新干线,18.0,6.0,商品房,未满两年,48920.0,132.87
101102512217,一梯三户，南向两居，新小区带电梯   采光好,425.0,2室1厅,南,底层/共10层,2013年建/板楼,紫金新干线二期,20.0,13.0,商品房,未满两年,51616.0,82.34
101102582850,商品房满五年，南北通透，楼层好，近地铁1000米左右,432.0,3室1厅,南 北,低楼层/共6层,2002年建/板楼,天鑫家园,120.0,0.0,私产,满五年,40041.0,107.89
101102737265,龙锦东四正规大两居，09年新小区,440.0,2室1厅,南 北,高楼层/共6层,2009年建/板楼,龙锦苑东四区,38.0,16.0,商品房,未满两年,43799.0,100.46
101102766242,紫金新干线南向开间   带电梯   满五年,310.0,1室0厅,南,低楼层/共9层,2009年建/板楼,紫金新干线,39.0,4.0,商品房,满五年,66510.0,46.61
101102676492,龙锦苑东三区  中间楼层两居室,439.0,2室1厅,南 北,中楼层/共6层,2000年建/板楼,龙锦苑东三区,33.0,11.0,商品房,未满两年,43865.0,100.08
101102824254,天鑫家园 1室1厅 258万,258.0,1室1厅,北,中楼层/共6层,2003年建/板楼,天鑫家园,42.0,10.0,商品房,未满两年,61635.0,41.86
101102506819,紫金新干线二期两居室，南北卧室，客厅朝北，精装修。,430.0,2室2厅,南 北,顶层/共10层,2013年建/板楼,紫金新干线二期,53.0,14.0,商品房,未满两年,47021.0,91.45
101102735063,业主自住精装修，商品房，品牌家具家电,450.0,2室1厅,南 北,底层/共6层,2007年建/板楼,龙锦苑东一区,15.0,8.0,商品房,未满两年,45515.0,98.87
101102867820,回龙观  霍营  天鑫家园  商品房社区  随时签约,265.0,1室0厅,北,中楼层/共6层,2002年建/板塔结合,天鑫家园,10.0,0.0,商品房,未满两年,64337.0,41.19
101102882153,南北两居   满五年  首套1%契税,348.0,2室1厅,南 北,顶层/共6层,1993年建/板楼,华龙苑中里,33.0,24.0,商品房,满五年,54350.0,64.03
101102813171,2012年正规电梯一居室，户型方正，诚心出售。已下架,348.0,1室1厅,西南,中楼层/共28层,2010年建/板塔结合,龙旗广场,24.0,11.0,商品房,未满两年,57284.0,60.75
101102592451,距离8号线回龙观东大街站851米,500.0,3室2厅,南 北,低楼层/共6层,1999年建/板楼,慧龙居,12.0,2.0,商品房,未满两年,40113.0,124.65
101102801914,户型方正的大三居室  商品房满五年,496.0,3室2厅,东 南 北,高楼层/共6层,1999年建/板楼,慧龙居,12.0,0.0,商品房,未满两年,41379.0,119.87
101102635211,天鑫家园 商品房板楼 开间 中间楼层 带阳台,260.0,1室0厅,北,高楼层/共6层,2003年建/板楼,天鑫家园,49.0,11.0,商品房,未满两年,62112.0,41.86
101102760731,回龙观 龙锦苑东四区 南北通透三居 诚心出售,450.0,3室2厅,南 北,高楼层/共6层,2009年建/板楼,龙锦苑东四区,8.0,15.0,一类经济适用房,满五年,36096.0,124.67
101102884577,龙锦苑东二区，南北通透，户型方正的两居室,446.0,2室1厅,南 北,低楼层/共6层,2008年建/板楼,龙锦苑东二区,6.0,1.0,商品房,满两年,43846.0,101.72
101102809760,非顶层，无遮挡，全明格局，满五唯一,499.0,3室2厅,南 西 北,高楼层/共6层,2007年建/板楼,龙锦苑东一区,11.0,0.0,一类经济适用房,满五年,38364.0,130.07
101102424121,电梯复式 业主诚心出售  看房方便 随时签约,649.0,5室2厅,东 南,顶层/共6层,2005年建/塔楼,华龙苑北里,45.0,3.0,商品房,满五年,35630.0,182.15
101102539807,中间层，南北通透三居室，满5年，业主诚心出售,370.0,3室1厅,南 北,高楼层/共6层,2009年建/板楼,龙锦苑东四区,330.0,0.0,一类经济适用房,满五年,28140.0,131.49
101102798034,双阳台，高楼层，采光好，视野开阔。,456.0,2室1厅,南 北,高楼层/共10层,2009年建/板楼,紫金新干线,39.0,0.0,商品房,满两年,51053.0,89.32
101102336501,知本时代 南北通透 满五年唯一 带电梯 地暖入户,413.0,2室1厅,南 北,高楼层/共15层,2004年建/板塔结合,知本时代,149.0,39.0,商品房,满五年,72203.0,57.2
101102820136,南北通透 格局方正 电梯两居室 诚心出售,529.0,2室1厅,南 北,低楼层/共18层,2004年建/板塔结合,知本时代,84.0,83.0,商品房,满两年,63392.0,83.45
101102862009,新康园 东南 两室两厅 满五唯一  中间楼层 正对花园,535.0,2室2厅,东南,中楼层/共32层,2003年建/塔楼,新康园,16.0,8.0,商品房,满五年,53769.0,99.5
101102800123,满五年唯一，装修好，小区中间位置，看房方便,560.0,3室1厅,南 北,中楼层/共6层,2006年建/板楼,龙跃苑东四区,37.0,64.0,一类经济适用房,满五年,44158.0,126.82
101102422739,霍营龙跃苑东五精装双通透钢混结构,480.0,3室1厅,南 北,顶层/共6层,2006年建/板楼,龙跃苑东五区,227.0,32.0,一类经济适用房,满五年,39277.0,122.21
101102461024,双卧朝南 送18平米露台 南北通透 满五年,420.0,2室1厅,南 北,顶层/共6层,2005年建/板楼,龙跃苑三区,118.0,40.0,一类经济适用房,满五年,41141.0,102.09
101102690457,小区中间位置 采光好 南北通透 看房方便,498.0,3室1厅,南 北,顶层/共6层,2005年建/板楼,龙跃苑三区,2.0,22.0,一类经济适用房,满五年,35290.0,141.12
101102664459,龙跃苑东四区 南北通透三居室 无遮挡,520.0,3室1厅,南 北,顶层/共5层,2006年建/板楼,龙跃苑东四区,39.0,26.0,商品房,满五年,39154.0,132.81
101102776261,南北通透的两居室，装修不错，看房方便,460.0,2室2厅,南 北,底层/共6层,2003年建/板楼,龙跃苑一区,20.0,46.0,一类经济适用房,满五年,52285.0,87.98
101102870056,旗胜家园东南朝向大一居可改两居业主随时签约,328.0,1室1厅,东南,底层/共11层,2009年建/板塔结合,旗胜家园,34.0,19.0,限价商品房,满五年,52039.0,63.03
101102333937,南北通透 中间楼层 落地窗阳台,495.0,2室1厅,南 北,中楼层/共18层,2004年建/板塔结合,知本时代,304.0,27.0,商品房,满五年,70674.0,70.04
101102762200,此房为满五年家庭唯一住宅，南北通透， 房子带电梯,487.0,2室1厅,南 北,低楼层/共18层,2004年建/板塔结合,知本时代,93.0,28.0,商品房,满五年,69891.0,69.68
101102764668,商品房 看房随时 中间层 小区中间位置 大三居,530.0,3室1厅,南 北,中楼层/共6层,2005年建/板楼,龙跃苑三区,18.0,25.0,一类经济适用房,满五年,44315.0,119.6
101102400598,知本时代两居小区中间位置看房方便距离8号线和13号线,525.0,2室1厅,东 西,底层/共6层,2004年建/板楼,知本时代,70.0,23.0,商品房,满五年,55703.0,94.25
101102333371,业主自住，诚心出售，看房提前预约即可,549.0,2室1厅,西南,中楼层/共32层,2003年建/塔楼,新康园,144.0,20.0,私产,满五年,53049.0,103.49
101102513457,看房方便 高楼层大户型两居室 客厅宽敞 满五年无个税,545.0,2室1厅,西南,高楼层/共32层,2003年建/塔楼,新康园,83.0,20.0,商品房,满五年,53759.0,101.38
101102873529,南北通透三居室 小区中间位置 板楼三层  位置安静,736.0,3室2厅,南 北,中楼层/共6层,2004年建/板楼,知本时代,27.0,14.0,商品房,满五年,62602.0,117.57
101102843475,商品房 精装两居 南北通透 中间位置  离霍营地铁319米,438.0,2室1厅,南 北,顶层/共6层,2006年建/板楼,龙跃苑东五区,94.0,52.0,商品房,满五年,45692.0,95.86
101102816333,首开国风美唐一期 2室1厅 550万,550.0,2室1厅,南 北,低楼层/共11层,2012年建/板楼,首开国风美唐一期,53.0,40.0,商品房,满两年,59109.0,93.05
101102726538,轮胎厂宿舍 2室1厅 430万已下架,430.0,2室1厅,南 北,中楼层/共6层,1998年建/板楼,轮胎厂宿舍,57.0,25.0,已购公房,满五年,61605.0,69.8
101102817827,旗胜家园 2室1厅 88.41平米已下架,430.0,2室1厅,南,高楼层/共28层,2009年建/板塔结合,旗胜家园,26.0,20.0,限价商品房,满五年,48638.0,88.41
101102827135,270米到霍营地铁站 三居两卫 次顶层,469.0,3室1厅,南 北,高楼层/共6层,2006年建/板楼,龙跃苑东五区,18.0,13.0,一类经济适用房,满五年,37860.0,123.88
101102547592,房子是小区中间位置，采光好前后无遮无挡 看房方便,530.0,2室1厅,南 北,底层/共11层,2012年建/板楼,首开国风美唐一期,48.0,41.0,商品房,满两年,57728.0,91.81
101102884932,新康园平层三居 只有契税 业主诚心出售,815.0,3室1厅,东 南 西,高楼层/共32层,2003年建/塔楼,新康园,8.0,1.0,商品房,满五年,48712.0,167.31
101102881400,小区中间板楼南北双通透落地飘窗二层三居室 满五唯一,735.0,3室1厅,南 北,低楼层/共6层,2004年建/板楼,知本时代,23.0,13.0,商品房,满五年,58214.0,126.26
101102364666,轮胎厂宿舍 南北户型两居室 满五年 采光好,360.0,2室1厅,南 北,顶层/共6层,1995年建/板楼,轮胎厂宿舍,109.0,11.0,私产,满五年,61856.0,58.2
101102778182,商品房 南北通透 看房随时 户型方正 中间层,439.0,2室1厅,南 北,中楼层/共6层,2005年建/板楼,龙跃苑三区,75.0,42.0,商品房,满两年,47594.0,92.24
101102898997,精装三居两卫，总价低，公积金贷款无个税,445.0,3室1厅,南 北,顶层/共6层,2006年建/板楼,龙跃苑东四区,46.0,2.0,商品房,未满两年,36291.0,122.62
101102880178,旗胜家园西南精装修两居室可改两居拎包入住,430.0,2室1厅,西南,中楼层/共21层,2009年建/板塔结合,旗胜家园,21.0,2.0,限价商品房,满五年,51895.0,82.86
101102490278,霍营龙跃苑东五 钢混结构 南北双通透大三居,460.0,3室1厅,南 北,顶层/共6层,2006年建/板楼,龙跃苑东五区,65.0,9.0,一类经济适用房,满五年,37634.0,122.23
101102845225,东南向大两居 可改三居 高楼层 主卧客厅带大阳台,560.0,2室1厅,东南,中楼层/共32层,2003年建/塔楼,新康园,14.0,10.0,私产,满五年,56282.0,99.5
101102871822,轮胎厂宿舍 2室1厅 415万,415.0,2室1厅,南 北,顶层/共6层,2002年建/板楼,轮胎厂宿舍,10.0,4.0,已购公房,满五年,61848.0,67.1
101102870397,南北通透 精装修 中间楼层 采光无遮挡,470.0,2室1厅,南 北,低楼层/共6层,2006年建/板楼,龙跃苑东五区,10.0,9.0,一类经济适用房,满五年,48459.0,96.99
101102271263,旗胜家园 南向商品房两居室 次卧无遮挡 业主诚心出售,430.0,2室1厅,南,中楼层/共28层,2009年建/板塔结合,旗胜家园,272.0,11.0,商品房,满五年,48638.0,88.41
101102730586,龙跃新上一层带花园 小区中间位置经典两居,470.0,2室1厅,南 北,底层/共5层,2006年建/板楼,龙跃苑东五区,14.0,20.0,一类经济适用房,满五年,48434.0,97.04
101102770025,南北通透两居室，格局方正户型设计合理，近地铁。,550.0,2室1厅,南 北,高楼层/共11层,2012年建/板楼,首开国风美唐一期,50.0,35.0,商品房,满两年,59835.0,91.92
101102698680,国风美唐一期 地铁270米 明卫 安静不临街 已改小三居,570.0,2室1厅,南 北,低楼层/共11层,2012年建/板楼,首开国风美唐一期,43.0,38.0,商品房,满两年,61199.0,93.14
101102771270,国风美唐一期 南北通透两居室 商品房满两年 次顶层,569.0,2室1厅,南 北,高楼层/共11层,2012年建/板楼,首开国风美唐一期,22.0,48.0,商品房,满两年,60655.0,93.81
101102834240,自住装修  看房方便 中间楼层  满五年,538.0,3室1厅,南 北,中楼层/共6层,2005年建/板楼,龙跃苑三区,9.0,21.0,一类经济适用房,满五年,36664.0,146.74
101102469479,业主首套住房人车分流，南北通透带飘窗，不临街,558.0,2室1厅,南 北,低楼层/共18层,2009年建/板塔结合,富力桃园C区,94.0,4.0,商品房,满五年,63860.0,87.38
101101881829,商品房 无个税 南北通透 小区中间 精装三居,590.0,3室1厅,南 北,低楼层/共6层,2005年建/板楼,龙跃苑三区,89.0,0.0,商品房,满五年,42086.0,140.19
101102797858,此房前后花园，不临街，不临地铁，无遮挡，保持好,518.0,2室1厅,西北,底层/共18层,2009年建/板塔结合,富力桃园C区,0.0,10.0,商品房,满五年,58998.0,87.8
101102797987,轮胎厂宿舍 2室1厅 430万,430.0,2室1厅,南 北,低楼层/共6层,2002年建/板楼,轮胎厂宿舍,53.0,19.0,已购公房,满五年,63894.0,67.3
101102873038,旗胜家园品牌精装修全朝南两居业主随时签约,435.0,2室1厅,南,高楼层/共28层,2009年建/板塔结合,旗胜家园,26.0,37.0,限价商品房,满五年,49147.0,88.51
101102766445,全 明 格 局  可 转 商   精 装 修,413.0,2室2厅,西南 北,中楼层/共21层,2009年建/板塔结合,旗胜家园,61.0,17.0,限价商品房,满五年,46588.0,88.65
101102868292,此房满五唯一，落地飘窗。精装修，生活配套设施齐全。,330.0,1室1厅,北,高楼层/共18层,2004年建/板塔结合,知本时代,45.0,11.0,商品房,满五年,73252.0,45.05
101102805195,知本时代 东西通透 配套完善 小区环境优美,520.0,2室2厅,东 西,底层/共6层,2004年建/板楼,知本时代,23.0,12.0,商品房,满两年,56732.0,91.66
101102844351,首开国风美唐二期 ，南向两居，自住装修,528.0,2室1厅,南,低楼层/共19层,2014年建/板塔结合,首开国风美唐二期,16.0,19.0,商品房,满两年,58857.0,89.71
101101435128,精装修，不临街，卫生间带窗户，双线地铁。,540.0,3室1厅,南 北,中楼层/共5层,2006年建/板楼,龙跃苑东四区,84.0,1.0,一类经济适用房,满五年,42604.0,126.75
101102474385,商品房+全明格局+看房提前预约,560.0,3室1厅,南 北,中楼层/共6层,2007年建/板楼,龙跃苑东四区,43.0,6.0,商品房,满五年,44941.0,124.61
101102746036,南北通透的三居室，满五年无个税，小区中间,560.0,3室1厅,南 北,中楼层/共6层,2006年建/板楼,龙跃苑东四区,29.0,6.0,一类经济适用房,满五年,44158.0,126.82
101102754345,商品房 南北通透 两居 满五年一套住房 中间楼层,480.0,2室1厅,南 北,中楼层/共6层,2006年建/板楼,龙跃苑东四区,99.0,7.0,商品房,满五年,49424.0,97.12
101101751366,龙跃东二区三居二卫精装修商品房满二年看房随时,499.0,3室1厅,南 北,顶层/共6层,2006年建/板楼,龙跃苑东二区,57.0,10.0,商品房,满两年,40142.0,124.31
101102064570,首开国风美唐 电梯板楼 次顶层 双通透两居,570.0,2室1厅,南 北,高楼层/共11层,2012年建/板楼,首开国风美唐一期,103.0,12.0,商品房,满两年,62011.0,91.92
101101095682,首开国风美唐二期，精装2居，87平519万,519.0,2室1厅,南,低楼层/共18层,2014年建/板塔结合,首开国风美唐二期,196.0,12.0,商品房,满两年,59938.0,86.59
101102695649,首开国风美唐二期 南向两居 精装修,510.0,2室1厅,南,低楼层/共19层,2014年建/板塔结合,首开国风美唐二期,69.0,18.0,商品房,满两年,56850.0,89.71
101102584521,自住精装南向两居室，楼间距大采光好，正对小区花园,405.0,2室1厅,南,低楼层/共28层,2009年建/板塔结合,旗胜家园,148.0,13.0,限价商品房,满五年,45650.0,88.72
101102001919,经济适用房满五年    低楼层   精装修,560.0,3室1厅,南 北,低楼层/共6层,2006年建/板楼,龙跃苑东四区,56.0,18.0,一类经济适用房,满五年,44158.0,126.82
101102651977,精装修经典E3户型 步行500米到城铁回龙观东大街站,598.0,3室1厅,南 北,中楼层/共15层,2014年建/板楼,首开国风美唐二期,68.0,18.0,商品房,满两年,62208.0,96.13
101101967776,诚心出售，看房方便，自住装修保持的很好,480.0,2室1厅,东南 北,高楼层/共32层,2003年建/塔楼,新康园,161.0,0.0,商品房,满五年,54933.0,87.38
101101960853,中间位置的复式，商品房满五年，随时签约,585.0,4室1厅,南 北,高楼层/共6层,2005年建/板楼,龙跃苑三区,135.0,6.0,商品房,满两年,33139.0,176.53
101102341814,房子是满五年已购公房，距离8、13号线霍营站1088米,675.5,4室2厅,南 北,高楼层/共6层,2000年建/板楼,轮胎厂宿舍,42.0,1.0,已购公房,满五年,49670.0,136.0
101102803156,枫丹丽舍南北通透三居室，花园社区，停车免费,950.0,3室1厅,东南 北,顶层/共5层,2000年建/板楼,枫丹丽舍,18.0,0.0,商品房,满五年,71937.0,132.06
101102319258,龙跃三区 南北通透三居 中间楼层 满五年只有这一套房,495.0,3室2厅,南 北,中楼层/共6层,2005年建/板楼,龙跃苑三区,97.0,0.0,一类经济适用房,满五年,41465.0,119.38
101102532751,近地铁  经典户型  正规三居 急售,540.0,3室1厅,南 西 北,高楼层/共20层,2016年建/板塔结合,首开国风美唐三期,45.0,29.0,商品房,未满两年,59941.0,90.09
101102557144,满5年，家庭1套，挑高3.1米，南北通透，无遮挡,438.0,2室1厅,南 北,顶层/共6层,2003年建/板楼,龙跃苑一区,5.0,1.0,一类经济适用房,满五年,49949.0,87.69
101102890572,国风美唐，南北两居，商品房满两年，中间位置,570.0,2室1厅,南 北,低楼层/共11层,2012年建/板楼,首开国风美唐一期,8.0,0.0,商品房,满两年,62377.0,91.38
101102720410,西三旗新康园，小户型总价低，满五年唯一,410.0,1室1厅,北,中楼层/共32层,2003年建/塔楼,新康园,47.0,1.0,商品房,满五年,61012.0,67.2
101100398938,龙跃苑东二区 三居两卫 30万精装 落地窗 南北通透,550.0,3室2厅,南 北,高楼层/共6层,2006年建/板楼,龙跃苑东二区,54.0,2.0,商品房,满两年,44113.0,124.68
101101945629,业主换房诚心出售精装修满两年小区中间位置,530.0,2室1厅,南 北,底层/共11层,2012年建/板楼,首开国风美唐一期,137.0,4.0,商品房,满两年,58313.0,90.89
101102687698,南北全明两居 有电梯 距离地铁489米,549.0,2室1厅,南 北,中楼层/共18层,2014年建/板塔结合,首开国风美唐二期,54.0,17.0,商品房,满两年,57699.0,95.15
101101029609,自住装修 交通方便 近霍营站 交通方便,420.0,2室1厅,南 北,顶层/共5层,2005年建/板楼,龙跃苑东五区,346.0,6.0,一类经济适用房,满五年,43166.0,97.3
101102772716,全南向高层远眺盘古大观，楼下花园尽收眼底,395.0,2室1厅,南,高楼层/共28层,2009年建/板塔结合,旗胜家园,230.0,5.0,限价商品房,满五年,44628.0,88.51
101101478422,首开国风美唐全南向二居室出售业主靠谱,510.0,2室1厅,南,顶层/共16层,2014年建/板塔结合,首开国风美唐二期,202.0,11.0,商品房,未满两年,58280.0,87.51
101102834754,昌平新康园小区中间楼层电梯东南正规的一居室,410.0,1室1厅,东南,中楼层/共32层,2003年建/塔楼,新康园,12.0,3.0,商品房,满五年,55616.0,73.72
101102547630,首开国风美唐二期 2室1厅 496万,496.0,2室1厅,南,底层/共20层,2014年建/板塔结合,首开国风美唐二期,98.0,5.0,商品房,满两年,59984.0,82.69
101102372488,海淀产权 电梯北向一居室 新装自住,305.0,1室1厅,北,低楼层/共18层,2004年建/板塔结合,知本时代,198.0,7.0,商品房,满两年,74500.0,40.94
101102885341,首开国风美唐二期 2室1厅 530万,530.0,2室1厅,南,高楼层/共18层,2014年建/板塔结合,首开国风美唐二期,14.0,2.0,商品房,未满两年,61208.0,86.59
101102011385,龙跃苑东二区 三居两卫 落地窗 南北通透,500.0,3室1厅,南 北,高楼层/共6层,2007年建/板楼,龙跃苑东二区,57.0,0.0,一类经济适用房,满五年,40171.0,124.47
101102878956,步行300米到城铁8号线东大街站 自住精装修 经典户型,545.0,2室1厅,南,中楼层/共16层,2014年建/板塔结合,首开国风美唐二期,9.0,4.0,商品房,未满两年,59537.0,91.54
101102771829,新康园 2室1厅 489万,489.0,2室1厅,东 西 北,低楼层/共32层,2003年建/塔楼,新康园,8.0,3.0,商品房,满五年,55969.0,87.37
101101725357,国风美唐二期精装修南北二居室出售 业主靠谱,550.0,2室1厅,南 北,低楼层/共16层,2014年建/板塔结合,首开国风美唐二期,47.0,10.0,商品房,未满两年,57179.0,96.19
101101976246,首开国风美唐三期127平三居2卫，660万出售,660.0,3室2厅,南 北,底层/共18层,2016年建/板塔结合,首开国风美唐三期,136.0,9.0,商品房,未满两年,51708.0,127.64
101102479608,南北通透三居室，自住装修，步行至回龙观东大街304米,555.0,3室1厅,南 北,高楼层/共16层,2014年建/板塔结合,首开国风美唐二期,95.0,12.0,商品房,未满两年,58311.0,95.18
101102228757,板楼复式 上下两层都南北通透 带挑空 赠送半层和露台,789.0,5室1厅,南 北,顶层/共5层,未知年建/板楼,新康园,126.0,3.0,私产,满五年,45182.0,174.63
101102226625,商品房 中间楼层 三居两卫  采光充足 小区中间位置,570.0,3室1厅,南 北,中楼层/共6层,2003年建/板楼,龙跃苑一区,63.0,0.0,商品房,满五年,40369.0,141.2
101101938349,首开国风美唐三期 全明格局 南北两居 距离地铁538米,546.0,2室1厅,南 北,低楼层/共18层,2016年建/板塔结合,首开国风美唐三期,19.0,12.0,商品房,未满两年,56810.0,96.11
101102721451,枫丹2号 1房间1卫 105万,105.0,1房间1卫,东,中楼层/共4层,2010年建/板塔结合,枫丹2号,81.0,0.0,商品房,满五年,26159.0,40.14
101102187724,精装三居室 看房方便，业主诚心出售,495.0,3室2厅,南 北,顶层/共6层,2003年建/板楼,龙跃苑一区,50.0,0.0,一类经济适用房,满五年,35075.0,141.13
101102135564,首开国风美唐 南向一居 视野开阔 采光充足,208.0,2房间1卫,南,中楼层/共17层,2014年建/塔楼,首开国风美唐综合楼,136.0,2.0,商品房,满两年,30838.0,67.45
101102061669,首开国风美唐二期 南北通透的两居室 采光和通风好,525.0,2室1厅,南 北,顶层/共19层,2014年建/板塔结合,首开国风美唐二期,67.0,0.0,商品房,未满两年,57122.0,91.91
101102808506,龙跃东四，三居两卫，自住装修 全明格局小区中间,550.0,3室2厅,南 北,高楼层/共6层,2006年建/板楼,龙跃苑东四区,3.0,0.0,一类经济适用房,满五年,41401.0,132.85
101102867464,龙跃苑一区 5室1厅 800万,800.0,5室1厅,南 北,顶层/共5层,2003年建/板楼,龙跃苑一区,8.0,0.0,商品房,满五年,34962.0,228.82
101102803793,首开国风美唐综合楼 1房间1卫 220万,220.0,1房间1卫,东北,低楼层/共17层,2014年建/板楼,首开国风美唐综合楼,4.0,6.0,商品房,满两年,28557.0,77.04
101102622886,美唐二期中间位置高楼层二居室精装出售,565.0,2室1厅,南 北,中楼层/共18层,2014年建/板塔结合,首开国风美唐二期,30.0,2.0,商品房,未满两年,59738.0,94.58
101102243643,首开国风美唐三期 89.56平南北向三居,537.0,3室1厅,南 北,高楼层/共21层,2016年建/板塔结合,首开国风美唐三期,62.0,1.0,商品房,未满两年,59960.0,89.56
101101695315,美唐三期南向两居 毛坯房 有钥匙 无遮挡 采光好可签约,490.0,2室1厅,南,底层/共18层,2016年建/板塔结合,首开国风美唐三期,119.0,0.0,商品房,未满两年,56039.0,87.44
101102707553,电梯房， 随时签约， 看房方便不！,175.0,1房间1卫,西,高楼层/共17层,2014年建/板楼,首开国风美唐综合楼,22.0,1.0,商品房,满两年,30547.0,57.29
101102689024,首开国风美唐综合楼 2房间1卫 210万,210.0,2房间1卫,东南,中楼层/共17层,2014年建/塔楼,首开国风美唐综合楼,4.0,1.0,商品房,满两年,34648.0,60.61
101102065420,南向开间，采光好，中等装修，随时签约,220.0,1房间1卫,南,低楼层/共17层,2014年建/塔楼,首开国风美唐综合楼,56.0,0.0,商品房,满两年,36298.0,60.61
101102705135,平层四居！户型方正！大落地窗！业主诚心出售！,850.0,4室2厅,南 北,底层/共9层,2014年建/板楼,首开国风美唐二期,37.0,0.0,商品房,满两年,59969.0,141.74
101102749514,正规大两居，景观楼层，看房方便,580.0,2室2厅,东南,中楼层/共32层,2003年建/塔楼,新康园,18.0,0.0,商品房,未满两年,52998.0,109.44
101101871075,电梯房，采光充足，交通便利，业主诚意出售,180.0,1房间1卫,东,低楼层/共17层,2014年建/板楼,首开国风美唐综合楼,3.0,1.0,商品房,满两年,39105.0,46.03
101101870767,东北双朝向 带电梯 高楼层 采光好,267.0,2房间1卫,东北,高楼层/共17层,2014年建/塔楼,首开国风美唐综合楼,39.0,0.0,商品房,满两年,34658.0,77.04
101101872243,首开国风美唐东南向开间采光好视野好,200.0,1房间1卫,东南 南,高楼层/共17层,2014年建/板楼,首开国风美唐综合楼,95.0,0.0,商品房,满两年,33586.0,59.55
101101990397,枫丹2号 1房间1卫 150万,150.0,1房间1卫,东,顶层/共4层,2009年建/板塔结合,枫丹2号,41.0,0.0,商品房,满五年,21277.0,70.5
101101926534,龙跃苑东四区 两居室 南北通透 近地铁霍营站,460.0,2室1厅,南 北,高楼层/共6层,2006年建/板楼,龙跃苑东四区,173.0,0.0,商品房,未满两年,47365.0,97.12
101102652961,首开国风美唐集中供暖电梯房近地铁,518.0,2室1厅,南 北,底层/共16层,2014年建/板塔结合,首开国风美唐二期,26.0,0.0,商品房,未满两年,53852.0,96.19
101102451129,首开国风美唐综合楼 1房间1卫 255万,255.0,1房间1卫,东南,中楼层/共17层,2014年建/塔楼,首开国风美唐综合楼,15.0,1.0,商品房,满两年,33234.0,76.73
101102867054,旗胜家园，精装两居室，业主诚心出售,410.0,2室2厅,南 东北,中楼层/共21层,2009年建/板塔结合,旗胜家园,26.0,11.0,限价商品房,满五年,45872.0,89.38
101102823101,新康园二期板楼一梯两户   正规三室两卫   满五唯一,640.0,3室1厅,东 南 北,中楼层/共5层,1999年建/板楼,新康园,15.0,11.0,商品房,满五年,55168.0,116.01
101102528910,首开国风美唐综合楼 1房间1卫 175万,175.0,1房间1卫,东,中楼层/共17层,2014年建/板楼,首开国风美唐综合楼,3.0,0.0,商品房,满两年,36504.0,47.94
101102758888,首开国风美唐综合楼 1房间1卫 225万,225.0,1房间1卫,北,高楼层/共17层,2014年建/塔楼,首开国风美唐综合楼,0.0,0.0,商品房,满两年,37413.0,60.14
101102170092,霍营双线，出行方便，南向采光好,230.0,1房间1卫,南,中楼层/共17层,2014年建/塔楼,首开国风美唐综合楼,34.0,0.0,商品房,满两年,41353.0,55.62
101102435399,金隅翡丽精装修4居 户型好 电梯洋房 不临街,1600.0,4室2厅,东 南 北,中楼层/共6层,2012年建/板楼,金隅翡丽一期,54.0,2.0,商品房,满两年,85057.0,188.11
101102876187,公摊两平米，通透性好，配套完善，诚心出售,390.0,3房间1卫,西南,底层/共18层,2004年建/板塔结合,知本时代,10.0,0.0,商品房,满五年,54363.0,71.74
101102249034,首开国风美唐综合楼 1房间1卫 205万,205.0,1房间1卫,东南,高楼层/共17层,2014年建/塔楼,首开国风美唐综合楼,16.0,3.0,商品房,未满两年,33823.0,60.61
101102844981,南北通透 三居两卫  看房随时,490.0,3室1厅,南 北,顶层/共6层,2005年建/板楼,龙跃苑三区,13.0,0.0,一类经济适用房,满五年,33969.0,144.25
101101953682,南向 装修不错 采光好 交通便利,251.0,1房间1卫,南,中楼层/共17层,2014年建/塔楼,首开国风美唐综合楼,32.0,1.0,商品房,未满两年,37213.0,67.45
101102655494,东向，电梯房，交通便利，视野开阔,155.0,1房间1卫,东,中楼层/共17层,2014年建/板楼,首开国风美唐综合楼,13.0,1.0,商品房,未满两年,32916.0,47.09
101102643673,霍营双线 近地铁 电梯房一居 楼层高 采光好 精装修,220.0,2房间1卫,西,中楼层/共17层,2014年建/板楼,首开国风美唐综合楼,2.0,1.0,商品房,未满两年,33053.0,66.56
101102889659,龙跃苑一区 3室1厅 510万,510.0,3室1厅,南 北,顶层/共6层,2003年建/板楼,龙跃苑一区,4.0,1.0,一类经济适用房,满五年,36030.0,141.55
101101088882,商品房满五年 不临街不把边  税费少,750.0,5室2厅,南 北,顶层/共5层,2003年建/板楼,龙跃苑一区,33.0,0.0,商品房,满五年,37456.0,200.24
101102217867,龙跃苑东二区靠谱出售业主诚心签约房屋看房方便,420.0,2室1厅,南 西 北,顶层/共6层,2007年建/板楼,龙跃苑东二区,43.0,2.0,一类经济适用房,满五年,39511.0,106.3
101102582169,国际花园平层大宅，边户转角阳台，有电梯，海淀产权,1700.0,4室2厅,南 西 北,中楼层/共5层,2008年建/板楼,专家国际花园,6.0,0.0,商品房,满两年,68131.0,249.52
101102855990,首开国风美唐二期 2室1厅 560万,560.0,2室1厅,南 北,顶层/共16层,2014年建/板塔结合,首开国风美唐二期,9.0,0.0,商品房,满两年,58566.0,95.62
101102584560,中间位置   满五唯一   采光好,549.0,3室1厅,南 北,中楼层/共6层,2006年建/板楼,龙跃苑东四区,32.0,0.0,一类经济适用房,满五年,43355.0,126.63
101101891571,首开国风美唐综合楼  随时可以签约,268.0,1房间1卫,西,高楼层/共17层,2014年建/塔楼,首开国风美唐综合楼,24.0,1.0,商品房,满两年,40060.0,66.9
101101891682,国风美唐  西向 视野好  中等装修,268.0,1房间1卫,西,高楼层/共17层,2014年建/塔楼,首开国风美唐综合楼,23.0,1.0,商品房,满两年,40060.0,66.9
101102456292,四居室5+6 商品房满五年，无个税，小区中间位置,580.0,4室2厅,南 北,高楼层/共6层,2005年建/板楼,龙跃苑三区,48.0,1.0,商品房,未满两年,37548.0,154.47
101102905839,旗胜家园朝南两居总价低无遮挡业主随时签约！已下架,385.0,2室1厅,南,低楼层/共28层,2009年建/板塔结合,旗胜家园,35.0,4.0,限价商品房,满五年,43548.0,88.41
101102884413,旗胜家园小区中间位置满五年中间楼层全朝南优质两居室,420.0,2室1厅,南,中楼层/共28层,2009年建/板塔结合,旗胜家园,3.0,1.0,限价商品房,满五年,47086.0,89.2
101102586859,商品房高原值三居室业主换房出售,560.0,3室1厅,南 北,高楼层/共6层,2006年建/板楼,龙跃苑东二区,3.0,0.0,商品房,满两年,44915.0,124.68
101102219458,商品房满两年 南北双通透 看房方便,500.0,3室1厅,南 北,顶层/共6层,2006年建/板楼,龙跃苑东四区,25.0,0.0,商品房,满两年,40904.0,122.24
